Adres ID;Adres Metni;İl;İlçe
1;62322 Henderson Hollow Apt. 887\nNancymouth, SD 79597;Shire;Melissahaven
2;832 Mark Parkway Suite 161\nThomasside, TN 91226;Port;East Bryan
3;1793 Mata Harbor Apt. 404\nNorth Amandaview, VA 03460;Fort;West Debbie
4;84075 Kyle Walk\nHuertamouth, CA 82472;Furt;South Lauren
5;PSC 5921, Box 3618\nAPO AE 81377;Ville;Woodmouth
6;034 Travis Mountains\nPort Charlesborough, NC 35134;Shire;Travisberg
7;37346 Matthew Loop Suite 946\nNorth Gregoryfurt, NJ 08002;Side;Franklinland
8;PSC 4155, Box 6093\nAPO AA 48297;Ton;Meganburgh
9;027 Harrison Inlet\nJeffreymouth, MP 22352;Chester;East Alanberg
10;Unit 5431 Box 2198\nDPO AE 51098;Land;North Jessicastad
11;05159 Carney Lake Suite 594\nPort Melissa, KY 64640;Ton;Gillbury
12;USNV Bradley\nFPO AA 44668;Stad;West Johnfort
13;96159 John Harbors\nNew Kimberly, WY 11845;Side;Millerchester
14;PSC 5232, Box 1001\nAPO AA 44271;Furt;West Karenview
15;PSC 9496, Box 0649\nAPO AE 76974;Stad;South Whitney
16;783 Green Crest\nEast Gail, CT 79271;Borough;Lauratown
17;25482 Miller Park\nEast Sharon, AZ 42896;Town;East Erichaven
18;USNV Bowers\nFPO AP 12474;Land;Anthonyville
19;81900 Taylor Springs\nNorth Rogerborough, ID 39045;Ton;North Maryfurt
20;562 White Throughway Apt. 429\nMooneystad, TX 94452;Fort;Brianfurt
21;20304 Juan Burgs\nWongtown, WV 95312;Fort;Michaelborough
22;056 Douglas Turnpike Suite 035\nNew Johnside, AL 60323;Mouth;Scottfort
23;368 William Gardens\nKiddmouth, NJ 46927;Port;Cynthiaberg
24;Unit 4187 Box 3734\nDPO AA 93398;Stad;Paynefort
25;Unit 3672 Box 5101\nDPO AE 80846;Ton;Montgomeryville
26;30710 Sara Inlet\nPort Savannah, AL 25624;Stad;Davidchester
27;07249 Joel View\nGarnerchester, SC 13522;Berg;Mcgrathbury
28;6410 Jennifer Freeway Apt. 049\nSouth Mark, PA 47387;Land;East Jonathan
29;14455 Oneill Center Suite 916\nLake Jonathanbury, SC 09553;Town;Port Nicholasville
30;59166 Willie Flat\nLake Eugenefort, IL 95130;Fort;Hickmanbury
31;PSC 9125, Box 4309\nAPO AA 60010;Stad;South Ian
32;6905 Hunter Groves\nStephaniebury, OR 88317;Fort;North Francisco
33;542 Laura Junctions\nLake Robert, LA 58620;Side;Abbottfort
34;3570 Eric Views\nNew Carrie, FM 78660;Shire;West Dustin
35;6009 Bell Field Apt. 686\nWoodbury, MD 09178;Fort;Englishbury
36;349 Le Locks Apt. 354\nDouglasfort, PW 58702;Burgh;Georgeberg
37;616 Ann Land\nEast Linda, AR 06565;Ton;Montoyamouth
38;15123 Williams Manor\nWatersburgh, WY 27092;Borough;Rivashaven
39;5564 Yates Neck\nEast Angelafort, MO 19207;Haven;Mosleyshire
40;98044 Boyd Trafficway Suite 296\nSherrychester, WV 57453;Fort;Tracyfort
41;827 Anthony Tunnel Suite 946\nRachaelport, WV 38080;Shire;North Alexandra
42;361 Tucker Road Apt. 118\nSouth Kylemouth, MN 82829;Stad;East Cynthiaburgh
43;6701 Carpenter Mall Suite 066\nReneeshire, KY 88126;Port;Mcdonaldmouth
44;115 Sean Ferry\nLake Ronaldhaven, RI 15685;Borough;Aliciatown
45;256 Morales Hill Apt. 307\nHowardchester, MA 29915;Borough;Larryview
46;9687 Sandy Via\nEast Natasha, NJ 22926;Side;West Bethany
47;PSC 3715, Box 9709\nAPO AA 90775;Berg;Lisaland
48;55135 Jimmy Port Apt. 877\nPowersstad, MI 48532;Haven;Schneiderhaven
49;USNS Tran\nFPO AE 58223;Mouth;Maryville
50;461 Sullivan Street Apt. 950\nSouth Ashleyfurt, NV 82362;Chester;East Mckenzie
51;9129 Garcia Run Apt. 794\nAndradeville, MT 30592;Haven;East Patricia
52;52158 Sellers Causeway Apt. 935\nWest Jacobton, IN 20961;Mouth;Timothyside
53;25584 Kristine Loaf\nEast Briannafurt, NH 13004;Town;West Paigeland
54;95887 Ramos Motorway Apt. 205\nKellystad, OH 87166;Shire;Lake Alexfort
55;0236 Keller Shore\nLake Travis, NV 43167;Borough;Wilsontown
56;0736 Miles Courts\nLake Janet, SD 16684;Port;North Robinbury
57;651 Michelle Fort\nPort Maryshire, GA 80150;Port;East Robertfort
58;5325 Tina Ford\nHaleyburgh, HI 03994;Town;West David
59;1526 Lindsey Passage\nStokesstad, OH 35401;Haven;Courtneyfort
60;015 Nicole Flat\nPort Annaland, OH 43374;Shire;North Johnnyview
61;33512 Aaron Way Apt. 679\nLake Anthony, NV 52258;Mouth;Christopherville
62;034 Garrett Isle Suite 083\nHoustonport, MH 81359;Ton;Salasburgh
63;4616 Williams Mission\nLake Matthewmouth, NH 51545;Burgh;Parkerview
64;55238 Kramer Fields Apt. 021\nPort Susan, CT 62687;Land;West Natalie
65;004 Lori Fords\nNew Stephanieton, PW 76122;Fort;West Nathanton
66;7975 William Square\nBurtonchester, GA 81941;Land;South Jonathan
67;0518 Janice Squares Apt. 626\nEast Joshuafurt, NH 55133;Chester;New Robertville
68;12330 Lisa Avenue\nPort Tomshire, AR 96965;Town;Lake Malloryburgh
69;920 Joseph Club\nThompsontown, MO 55714;Mouth;Kellychester
70;Unit 8956 Box 6702\nDPO AP 79399;Mouth;West Brianberg
71;921 Christopher Cliff\nNew Juan, GA 44281;Berg;Kathleenmouth
72;76270 Thompson Point\nAlexanderside, MN 72658;View;North Diana
73;6022 Johnson Ridges Suite 807\nLake Rachel, FM 90482;Mouth;Clarkstad
74;7479 Howard Stream Suite 330\nStephaniechester, ME 54462;Mouth;North Johnport
75;1016 Mary Parkways Suite 133\nLake Kelsey, RI 57898;View;Gregoryshire
76;Unit 7262 Box 9205\nDPO AE 50468;Town;East Kathytown
77;562 Weber Turnpike\nHenryville, NJ 02378;Town;Lynchville
78;8706 Don Ferry Suite 426\nBeckview, FM 68124;Bury;Boydbury
79;49210 Brandon Hills\nWest Laura, VI 79143;Port;Lake Paulport
80;00698 Kenneth Knoll Suite 276\nNew Jeffery, PR 87785;Land;North Shelly
81;18432 Gregory Island\nWest Stephanie, CO 25423;Borough;Tranburgh
82;13448 Daniel Ways Apt. 138\nSheilabury, MA 13672;Ville;Brownside
83;6782 Vasquez Dale\nNorth Douglasville, MS 54395;Berg;Kaitlynton
84;79700 Rivera Lakes Suite 887\nNorth Natalie, DC 38204;Bury;Adrienneshire
85;509 Darren Summit Suite 398\nNew Monica, OR 19684;Town;Tylerfort
86;17648 Dean Trail Suite 297\nLake Latashashire, CA 67763;Land;North Matthew
87;Unit 5891 Box 1647\nDPO AE 90009;Side;West Angelaborough
88;0662 Virginia Points\nEast Chelsea, MS 18965;Furt;Reneemouth
89;8527 Olson Fall Apt. 827\nGonzalezmouth, VT 39334;Berg;Dennismouth
90;1525 Reed Neck\nShanefurt, IL 37907;Town;South Adam
91;4787 Christopher Common Suite 127\nLake Glen, WY 72325;Bury;Hawkinston
92;5924 Candace Causeway\nNorth Jameschester, WV 47096;Shire;North Michelle
93;USNS Spencer\nFPO AP 38662;View;North Jamie
94;9877 Ray Center\nRoseport, AK 61066;Shire;South Catherinebury
95;3016 Tyler Rapid\nSouth Amy, WV 29925;Fort;Hermanshire
96;07817 Cheryl Forest Suite 653\nJasonborough, AR 72082;Fort;West Karenchester
97;55659 Sandra Station\nNew Nathanhaven, NJ 14664;Burgh;Port Stephenville
98;PSC 4421, Box 0980\nAPO AA 73597;Mouth;Hughesshire
99;365 Hernandez Bypass Suite 684\nShieldsburgh, OR 08581;Town;Stephenstad
100;4105 Leslie Inlet Suite 424\nEast Johnburgh, NM 05344;Borough;Port Rebeccashire
101;54081 Francisco Summit Apt. 415\nMooreville, WA 45443;Ville;Lake Davidshire
102;505 George Cliff\nTaylorhaven, FM 95425;View;Carrchester
103;2183 Jenna Overpass\nJustinfort, TX 35848;Chester;East Michaelborough
104;735 Kevin Camp\nWest Javier, MT 59236;Shire;South Katelyn
105;5153 Andrew Curve\nSusanbury, ND 74364;Ville;Cameronshire
106;3240 Mendez Key\nEast Nicholashaven, RI 61381;Land;East Ashleyton
107;118 Colton Courts\nMaciasberg, VT 91124;Side;Hayesshire
108;710 Wise Mall\nPort Daleside, MT 93038;Mouth;Bowerschester
109;74287 Kayla Harbor Suite 626\nKellyhaven, MI 32281;Burgh;Hallstad
110;20263 Ramirez Union\nNew Jonathanbury, ID 59055;Mouth;Scottville
111;USCGC Wheeler\nFPO AE 28428;Bury;Danielbury
112;038 Justin Prairie Apt. 128\nLake Dwaynemouth, ND 41521;Haven;Jamesmouth
113;779 Krista Glen Suite 578\nSouth Theodore, VT 22560;Fort;Lake Christine
114;24674 Ricky Highway Apt. 594\nNew Laurenland, PW 20533;Ville;Alyssaborough
115;8526 Rachael Dam Apt. 956\nEast Melissaside, AL 74410;Town;Mariamouth
116;USNV Shah\nFPO AA 81938;Furt;Stevensonton
117;8068 Jeffery Corner\nKellyshire, FL 99935;Fort;Dodsonberg
118;9121 Christopher Vista Apt. 435\nNorth Jamiemouth, CO 22644;Town;East Rachelhaven
119;7353 Chaney Walk\nJohnsonstad, PR 24841;Mouth;Harrisfurt
120;PSC 0878, Box 3823\nAPO AA 67705;Borough;Lake Jennifer
121;062 Carter Keys\nValdezfort, MN 38075;Mouth;North Hunterville
122;87688 Marie Squares Apt. 139\nJohnborough, ND 39376;Side;Port Michaelmouth
123;0155 Frazier Stravenue\nColonside, PW 71317;Berg;Lake Edgar
124;24289 Joseph Skyway Suite 010\nEast Colleenside, AR 93767;Furt;Elizabethmouth
125;545 Soto Circle Apt. 766\nKeithborough, LA 63129;Shire;Hernandezberg
126;90426 Stewart Mews\nWagnerville, WV 12052;Fort;Port Travisland
127;4803 Natalie Haven Apt. 103\nShermanport, GA 62750;View;Terrishire
128;PSC 0243, Box 0657\nAPO AA 49940;Furt;Bergville
129;531 Smith Glens Suite 323\nPort Jacobshire, IA 70793;Port;East Tara
130;4567 Wang Cove Apt. 733\nMorrismouth, FM 65993;Mouth;West Crystal
131;656 Kristine Ville Apt. 906\nNorth Dale, HI 14109;Ville;Karenstad
132;444 Collins Ramp Apt. 112\nCarlsonchester, UT 76427;Chester;Tiffanyburgh
133;11692 Joseph Square Apt. 471\nWest Amyland, SD 85846;View;Smithland
134;366 Cooper Isle Apt. 627\nNorth Jessicahaven, MP 86343;Fort;South Jamesfurt
135;333 Anthony Junction\nEdwinshire, TX 19365;Ton;Nancyton
136;7078 Amber Trail Apt. 537\nWhiteheadland, IA 40556;Bury;West Kimberlyshire
137;023 Gray Crescent\nWest Gregoryfurt, MA 20391;Port;Williamberg
138;83482 Michael Via Apt. 870\nFieldston, VI 67133;View;New Jamiechester
139;410 Lawson Creek\nEast Sherrychester, KS 11641;Mouth;New Christineland
140;028 Jeffery Crossroad Apt. 958\nLake Joshuaburgh, WV 32738;View;Prattland
141;4972 Mario Streets\nNorth Samanthafort, AR 03764;Town;North Christineport
142;75074 Timothy Pike Apt. 533\nAllenhaven, PR 12280;Burgh;East Jesse
143;3521 Gary Lane\nJaimeton, WV 01110;Haven;Wagnerfurt
144;3597 Edward Ranch Suite 837\nNorth Arthur, CT 13920;Mouth;Martinezbury
145;669 Kristina Mountains\nPort Brandon, AS 25140;Mouth;Powellmouth
146;80892 Trevino Locks\nHowardstad, FL 88685;Mouth;Antoniomouth
147;2994 Stephanie Grove\nNew Scottville, MS 55342;Burgh;Port Kimberly
148;58154 Mathew Hill\nWest Lisaland, MI 60314;Borough;Smithborough
149;967 Michael Course\nAmytown, CT 72512;Haven;Hernandezborough
150;0909 Graham Plains Apt. 524\nStevenside, ND 77076;Town;Rachelstad
151;89260 Gutierrez Points\nJulieland, KY 61515;Town;Thomaston
152;USNS Brown\nFPO AE 16335;View;West Jackson
153;893 Torres Lake Apt. 905\nManuelport, OH 44758;Chester;Hollyville
154;21361 Rosario Cove\nRobertland, TN 24843;Berg;Wheelerville
155;7474 Mills Ports Apt. 888\nJacksonland, CO 95494;Burgh;Taylormouth
156;33895 Jerry Oval Suite 794\nSouth Stevenshire, NE 16014;Ton;South Georgeview
157;2956 Gutierrez Mountains\nPort Pamela, HI 29255;Fort;New Douglasside
158;63987 Sean Neck\nFisherbury, ND 23929;Town;Jonesport
159;49800 Rose Estate\nBrandonberg, NH 41186;Land;Garymouth
160;532 David Shoal\nRichardchester, NC 33910;Mouth;Samuelside
161;Unit 2451 Box 7493\nDPO AE 03323;Ville;Lake Jamesborough
162;0747 Brown Meadows Apt. 244\nCalderonberg, AR 27582;Stad;Erikfort
163;Unit 9634 Box 4172\nDPO AE 22765;Ville;Boydmouth
164;35907 Amy Pine\nEast Mark, ME 44971;Berg;North Codyburgh
165;24225 Wise Wall Apt. 145\nEast Crystalshire, DE 80696;Ville;North Catherine
166;2317 Rachel Ranch\nNew Rachelhaven, NY 53721;Haven;Port Markshire
167;065 Steven Mountains Suite 798\nWest Nicolemouth, KS 65012;Ville;Port Christopher
168;3054 Jennifer Estates\nEast Hectorberg, OH 51597;Fort;North Donbury
169;2602 Julie Ports Apt. 067\nRyanton, HI 57187;Mouth;Justinfurt
170;3267 Shepherd Inlet Apt. 181\nNorth Tyler, FM 51279;Mouth;Villarrealview
171;95462 James Manor\nNew Todd, MT 08565;Land;East Melissafort
172;951 Pena Port Suite 255\nSantanaview, WA 20624;Mouth;South Jason
173;8662 Schneider Crossing\nWest Regina, VI 65106;Shire;Munozshire
174;24194 Kristen Glens Suite 931\nEast Zachary, FL 41036;Shire;Port Justin
175;885 Grimes Forge\nSchmidtmouth, VA 09728;Land;Hofort
176;6968 Morgan Street Suite 355\nNorth Linda, ND 33392;Burgh;Nelsonburgh
177;498 Ayers Mission\nToddport, KY 24062;Ton;Lake Sherrifort
178;75554 Camacho Isle\nSouth Douglas, KS 64324;Stad;East Anthony
179;789 Jeffrey Walk Suite 455\nJoneshaven, PW 28855;Town;Andersonside
180;186 Darlene Trail\nDixonmouth, NY 71966;Burgh;West Stephaniechester
181;17473 Nancy Loop Apt. 790\nWest Jacquelineburgh, FM 50291;Ton;North Morgan
182;USS Davis\nFPO AE 61844;Land;Michaelland
183;4381 Terri Cliffs\nSouth Elizabethfort, KS 69761;Haven;Juliahaven
184;655 Richard Stream\nGlassmouth, GU 86684;Bury;West Lori
185;17034 Bradley Forges\nLake Christinemouth, NH 45922;Stad;West Jerrybury
186;91736 Owens Cape Suite 299\nKevinborough, VA 44821;Mouth;Christopherview
187;2058 Guerrero Manor\nCassandrabury, WI 09709;Ville;Westfort
188;923 Randall Park Suite 936\nWest Angela, WV 37955;Furt;East Anthony
189;0752 Jessica Fort\nBullockport, MO 86515;Bury;Adamschester
190;645 Cassandra Throughway\nNewtonhaven, MA 47845;Land;West Daniel
191;363 Christine Terrace Suite 840\nCoreyburgh, TX 56517;Port;Haneyport
192;51791 Cole Locks\nCrystalbury, MO 47921;Side;Hallborough
193;143 Shannon Hills\nSouth Larrystad, NJ 96454;Mouth;Deannaberg
194;USCGC Dickerson\nFPO AA 90885;Land;North Kathryn
195;04087 Miller Island Suite 413\nDianefort, AZ 48822;Furt;East Courtneyland
196;96579 Marissa Lock Suite 168\nWest Mark, LA 56570;Ville;North Benjamin
197;3563 Linda Rue\nLake Nancyhaven, FL 28420;Side;Rhondahaven
198;6034 Joe Extensions\nWest Carlatown, ME 64291;Berg;Bryanville
199;26203 Justin Viaduct Suite 951\nPort Eriktown, MT 03186;Bury;Port Jermainebury
200;955 Brett Shore\nEast Cherylview, TN 17314;Ton;Lake Bradstad
201;Unit 0469 Box 5468\nDPO AA 77834;Chester;Robertsshire
202;20383 Thomas Drive\nWest Jeffrey, UT 33066;Burgh;Theresaview
203;22323 Mcbride Mews Apt. 945\nNew Audreyburgh, ND 17249;Furt;New Patricia
204;9892 Johnson Isle Apt. 215\nBrianmouth, CO 38130;Fort;East Joelstad
205;177 Green Isle\nBeverlyville, MS 88108;Berg;North Paulton
206;9278 Mark Harbor\nWillisfurt, TX 56880;Shire;Port Kelseymouth
207;883 Terri Trail Apt. 044\nWest Melaniefurt, FM 05398;Shire;Owensbury
208;22514 Farmer Unions Suite 606\nCastillobury, DE 64999;Town;West Michele
209;12938 Norris Landing Apt. 195\nLake Lisa, KY 77556;Mouth;Michelletown
210;493 David Creek Suite 602\nEast Larry, AK 71697;Haven;East Linda
211;831 Beck Coves\nLake Fernando, DE 42822;Town;West Tracyland
212;742 Jacob Views Apt. 431\nRiveraside, PW 06297;Haven;Melissastad
213;62310 Johnson Street Suite 693\nJeremyview, KS 99088;Furt;Port Annside
214;51183 Johnson Junctions Suite 061\nSouth Paula, CT 49328;Fort;Jacobburgh
215;451 Bradford Squares\nLake Williamland, CT 35638;Borough;North Mary
216;5244 Cassidy Grove\nGibbsside, UT 91020;Bury;North Sarah
217;67928 Meyer Centers\nValenzuelaside, DC 92253;Haven;New Lindsey
218;96556 Willie Crossroad\nSouth Taraville, KY 81083;Side;Brittneyborough
219;6114 Lloyd Plains\nBrownberg, ID 40360;Borough;Danielchester
220;159 Thomas Meadow\nEast Timothy, NV 70472;Ville;East Hannahmouth
221;58408 Jason Ford\nMichaelburgh, NM 11254;Chester;East Rick
222;71476 Thomas Forges\nCruzmouth, ND 85822;Bury;New Angelaborough
223;07647 Mueller Manors Apt. 915\nNorth Jacobmouth, DE 02980;Mouth;Alexton
224;321 Herrera Well\nMasonbury, MA 27547;Mouth;Oscarfort
225;458 Clark Crossing\nNorth Philipfurt, NC 27590;Shire;Robertsville
226;9350 Brian Loaf Apt. 059\nClayton, DE 81204;Haven;East Anthony
227;19350 Robert Stravenue Apt. 070\nEast Robert, MN 11357;Burgh;Lake Stephanieshire
228;793 Taylor Mills\nReginaton, SC 41333;Ville;Martinton
229;497 Jackson Road Suite 293\nPort Crystalberg, SC 49517;Burgh;South Davidland
230;119 Nunez Mountains Apt. 798\nLake Jeremy, GA 25924;Ton;Stephanieburgh
231;284 Christine Hollow\nDanielside, WV 97510;Stad;Moraleston
232;38371 Bradley Meadows Suite 398\nSouth Jesse, NV 93744;Fort;Allenville
233;92275 King Landing Apt. 235\nPort Larrybury, NY 18864;Land;Lake Kathleen
234;248 Martinez Lights Suite 631\nPort Brittanyport, OK 47421;Town;Stacytown
235;0576 Janice Shoals Suite 912\nMccartybury, MH 43599;Shire;Smithside
236;03333 Gerald Bridge\nEast Lori, RI 31557;Land;New Pamela
237;8062 Sellers Square Suite 507\nPaulton, AK 74649;Land;Amberfurt
238;268 Dawson Ranch Apt. 911\nNorth Tina, NC 71620;Burgh;South Lindaland
239;58514 George Squares Apt. 062\nEast Ricky, KS 70774;View;Gabrielshire
240;649 Michelle Branch\nWilliamfort, CT 09583;Bury;New Matthew
241;50818 Paul Bridge\nEast Christopher, PA 95423;Berg;Port Williamside
242;PSC 8088, Box 3809\nAPO AA 41184;Mouth;Tinaborough
243;65188 Krystal Isle\nNew Matthew, WV 20465;Shire;New Jonathanland
244;1851 Church Course Suite 841\nPort Matthewchester, RI 21069;Ton;West William
245;263 Rodriguez Plain\nLake Wendyburgh, CO 39882;Borough;Lake Keith
246;2878 White Loaf Suite 328\nThompsonbury, MT 55029;Stad;Rickymouth
247;019 Scott Forges\nWaltermouth, ME 84311;Side;West Shannonfurt
248;369 Stephanie Junctions Suite 553\nSouth Kirsten, NY 54023;Ville;Parkertown
249;1996 Charles Inlet Suite 398\nPerryton, MD 09966;Fort;Jonesbury
250;206 Jimmy Fort\nNew Jenniferfort, AS 74356;Borough;Jameshaven
251;218 Samuel Flats\nNew Benjamin, DC 29384;Shire;Rosestad
252;0906 Coleman Pines Suite 622\nWest Jordanton, RI 93400;Bury;South Linda
253;5334 Washington Station Suite 088\nEast Lauraberg, IL 86635;Burgh;West Michaelmouth
254;17898 Osborne Streets\nKennethmouth, NV 07990;Stad;New Christopherville
255;900 Jones Lakes Apt. 797\nWest Erika, NC 71786;View;Lake Kevin
256;56995 Gonzalez Junction\nEast Dylanbury, IN 12827;Ville;Laurachester
257;556 Terri Heights Apt. 653\nStephanieton, ME 43696;Burgh;West Samuel
258;0640 Morgan Union\nKathrynton, NM 22391;Burgh;East Jack
259;826 Stein Brook\nEast Christopherbury, FL 36208;Haven;Teresaborough
260;6727 Hailey Isle\nRoachshire, AL 93831;Ton;Michaelville
261;011 Danielle Shore Suite 170\nWest Stevenville, NH 63461;Shire;Edwardsbury
262;Unit 8555 Box 5143\nDPO AA 56860;Mouth;North Martin
263;17918 Arroyo Island Suite 250\nRoachbury, SC 44326;Borough;Josephview
264;7790 Ferrell Ports\nPort Martinton, NC 47686;Town;New Jesse
265;6340 Jodi Pike\nRiddleside, OK 44666;Burgh;East Royfurt
266;315 Hernandez Springs\nMorrisfurt, CA 61864;Fort;New Brooke
267;9897 Raymond Locks Apt. 356\nThompsonville, MP 35817;Side;Brownfort
268;5658 John Forge Apt. 546\nJustinshire, DE 74173;Mouth;West Thomasport
269;5268 Destiny Road\nEast Jeremyport, TX 33157;Burgh;Lake Davidberg
270;0459 Day Keys\nSouth Yolandatown, AZ 39202;Side;Villarrealfurt
271;40847 James Track\nEast Amy, IN 45865;Bury;Zacharyville
272;37294 Caitlyn Manor\nLake Roberto, ME 74871;Borough;Nelsonstad
273;14247 Lisa Roads\nNew Elizabethton, PR 42163;View;Lake Stephanie
274;34571 Lisa Village\nMillerside, MI 25372;Borough;East Philliphaven
275;Unit 2235 Box 4125\nDPO AE 24703;Mouth;Leestad
276;37765 Anthony Cliff Apt. 347\nNew Virginiaborough, AK 69523;Chester;Bryantburgh
277;82036 Tanya Expressway\nNorth Stevenland, ME 93775;Town;Silvahaven
278;81839 Linda Inlet\nSouth Lisabury, NE 69502;Burgh;West Jacob
279;1024 Jennifer Pine Apt. 324\nSloanberg, AL 11159;Furt;North Natalie
280;502 Owen Corner Apt. 532\nNew Coltonton, MD 03174;Port;Whitefort
281;850 Ronald Islands\nNew Michael, IL 72587;Fort;New Shannonview
282;0473 Shawn Crest\nWendyland, OR 24762;Mouth;Reillyside
283;75830 Anne Court\nNorth Jason, CT 04821;Shire;East Andrewhaven
284;497 Grant Well\nNew Christopherview, IA 47660;Berg;Robertport
285;77114 Collins Route\nWest Alexanderburgh, TN 42154;Ville;East Kennethville
286;USNS Hawkins\nFPO AP 40179;Bury;West Steven
287;0330 Gray Parkways\nNew Brookechester, AL 16493;Furt;Fieldsstad
288;850 Campos Summit Suite 689\nBrianside, MD 74691;Town;Marcusburgh
289;8068 Weber Grove Apt. 450\nBenjaminberg, WI 65364;Haven;South Robert
290;868 Cooley View Suite 807\nWeavertown, OK 15375;Ton;Lake Caroline
291;539 Lori Curve Apt. 605\nLake Mike, PA 29286;Ton;Duanefurt
292;661 Ball Square Apt. 951\nWest Rebeccaside, CA 29288;Mouth;Lake Victoriamouth
293;249 Bullock Corner\nSarahborough, MH 73870;Stad;Valeriehaven
294;14004 Andrew Cliffs\nSouth Nathanielburgh, TN 55572;View;Port Deborahland
295;606 Sarah Mountain Apt. 317\nJessicafort, ME 83282;Bury;Ryanstad
296;7046 Audrey Walks Apt. 894\nWest Mariafurt, MH 25509;Stad;Angelaborough
297;309 Brian Trace\nSouth Erika, ID 87143;Fort;Johnstonberg
298;1652 Roman Avenue Suite 162\nSouth Jasonland, MD 40266;View;Deannahaven
299;907 Ross Greens\nJaredstad, AL 13767;Ton;Malikborough
300;61670 Baldwin Shoal\nBrookshaven, MP 25894;Burgh;Longville
301;6923 Holland Ford Suite 211\nPort Jenniferstad, VI 88453;Furt;Burnston
302;67960 Kathleen Circle\nBarrerashire, UT 38404;Shire;South Charles
303;8554 Jessica Circles Apt. 970\nLake Ryanmouth, MD 16824;Furt;New Sarah
304;90991 Katie Villages Apt. 374\nBatesfurt, MP 22172;Berg;Lake Mason
305;PSC 8043, Box 5118\nAPO AA 26635;Side;West Alan
306;0965 Mcdaniel Cove\nMcgeemouth, NH 50925;Berg;Buchananchester
307;USNS Howard\nFPO AP 76189;Port;Annettefurt
308;05295 Jerry Village\nNorth Austin, FL 81819;Berg;Nicholasburgh
309;9644 Pierce Prairie Apt. 105\nPort Bethville, NY 03929;Port;Rogersburgh
310;51988 Nicole Ridge Apt. 149\nPort Robert, KS 87570;Berg;Georgemouth
311;0930 Edward Groves Suite 168\nEast Davidland, KS 81451;Ville;New Johnland
312;787 Melinda Fort\nPort Adam, NH 55483;Furt;North David
313;624 Carson Mount\nPort Jenniferburgh, LA 75459;Ton;Vegaport
314;700 Caroline Trail\nFloreston, AL 01527;Berg;West Johnport
315;06774 Smith Field\nBlackview, OK 35934;Town;Salinaschester
316;40741 Chaney Track Apt. 425\nKentstad, VI 99019;Port;Jeremyton
317;088 Casey Street\nRitaberg, NM 28177;Port;Tracymouth
318;0143 Mccullough Shoals Apt. 982\nNorth Evelynhaven, MH 51951;Town;North Williamport
319;34853 Harris Garden Suite 997\nSouth Angela, MD 88582;Stad;Christopherstad
320;98752 Wallace Meadow\nEast Phillip, WY 39998;Mouth;Lanceborough
321;150 Douglas Extension Suite 413\nLake Jessica, AZ 55338;Mouth;Riceville
322;Unit 7887 Box 7290\nDPO AA 16745;Furt;East Scottfort
323;3846 Williams Mews Apt. 355\nHarperbury, WI 49963;Stad;Martinezborough
324;34345 Maldonado Field\nNorth Brent, SC 83193;Bury;Sarahmouth
325;594 Swanson Route\nSouth Virginia, MA 30116;Furt;Schmidtton
326;6988 Charles Circle\nBruceland, ND 94173;Ville;West Johnmouth
327;19170 Caitlin Cape Suite 062\nSmithberg, NY 08824;Shire;Brittanyside
328;07552 Sanders Path Apt. 047\nShepherdshire, NV 95348;Port;Lake Jeremyton
329;4516 Howard Terrace\nFrazierview, MN 52011;Bury;West Travisfort
330;PSC 2318, Box 3067\nAPO AP 13810;Furt;Timothyland
331;6893 Evan Mall\nNorth Amandaburgh, IL 07315;Side;Jamesborough
332;926 Mason Prairie\nJacksonton, MH 21690;Shire;Lake Garyville
333;4601 Stephanie Springs\nEast Kerriview, ID 82543;Stad;Ayalaside
334;69716 Jacqueline Ports\nHinesview, RI 59117;Fort;Stevenberg
335;PSC 0111, Box 8648\nAPO AE 46003;View;Bennettmouth
336;32965 Joanne Trafficway\nRamirezville, IA 46629;Town;Tinaville
337;22350 Zamora Trafficway Suite 419\nLake Scottbury, FM 01828;Port;North William
338;218 Erik Trail\nEast Kyle, IL 43647;Haven;Glennberg
339;684 Carter Plains Apt. 659\nLisaland, WI 95300;Berg;Bestton
340;12406 Harris Rapids Apt. 200\nWest Ashley, PR 95922;Burgh;Warnerland
341;54933 Woods Haven\nEast Christinachester, ME 27362;Town;Lake Heather
342;236 Wilson Motorway Suite 839\nPort Jessicaside, FM 01877;Shire;South Megan
343;89045 Garcia Mount Apt. 037\nNew Carriefurt, MA 28760;Side;Pricechester
344;915 Michelle Well\nBentonfurt, NJ 98597;Shire;South Jared
345;42037 Heather Land\nFosterfort, CA 77795;Furt;Lake Dylanside
346;4972 Austin Shoals Apt. 322\nAlanfurt, GA 15137;Haven;Port Ethan
347;30432 Rogers Village Suite 306\nReynoldsberg, MH 16615;Town;Tommyview
348;25715 Karina Canyon Apt. 467\nEast Jacob, DC 63287;Ton;Port Brian
349;USNS French\nFPO AP 94185;Haven;Port Dana
350;397 Rodriguez Islands\nLorettafort, IN 52012;Shire;New Nathan
351;266 Jessica Valleys Suite 347\nEast Roy, PW 32894;Haven;North Sarah
352;4696 Nichols Forge Apt. 640\nWest Alexandertown, NH 51452;Ton;Mcdonaldburgh
353;39302 Parker Branch\nSouth Michelleburgh, ID 67188;Chester;Mccoyshire
354;245 Christopher Squares Suite 614\nWest Jessica, MH 02526;Berg;Wheelertown
355;4168 Arnold Glens\nHollowayport, MN 76585;Town;Brendaberg
356;PSC 7682, Box 0878\nAPO AE 59781;Ton;Bryanbury
357;113 Andrea Center Apt. 340\nMichaelstad, VA 32256;Mouth;New Aaronchester
358;5494 Debra Pike\nDanaburgh, AR 28559;Stad;East Erica
359;38340 Connie Turnpike\nThomasborough, MD 43343;Fort;Jonathanberg
360;04775 Hobbs Motorway\nCarterville, NJ 56335;Ville;Jessicafort
361;8399 Chris Viaduct\nJaniceborough, MP 40448;Burgh;West Kimberly
362;743 Black Corner\nSullivanside, LA 07147;Chester;South Erikachester
363;PSC 3716, Box 9044\nAPO AE 37942;Town;East Katrina
364;52119 Robin Lodge\nEileenfurt, NE 06141;Burgh;Ryanberg
365;923 Robert Wall\nFinleyborough, OR 38616;Ton;Tracyshire
366;93770 Jordan Locks\nMarkchester, MA 62976;Mouth;Hernandezport
367;9615 King Lakes\nWest Adamfort, KY 92531;Mouth;South Christopher
368;975 Martin Highway Suite 425\nSouth Danielbury, MT 58866;Furt;Port Annettemouth
369;9290 Peterson Club Apt. 750\nNatalieside, GU 84257;Borough;Browntown
370;291 Bryant Squares\nClaudiaburgh, MS 16555;Port;Port Sophia
371;656 Woods Trace Apt. 273\nBrownland, DE 16471;Shire;Leeport
372;4583 Pamela Alley Suite 230\nNew Ellen, DC 35630;Port;Davismouth
373;15254 Juan Field\nNorth Deborahstad, OK 73257;Furt;South Stacy
374;54558 Lewis Brooks\nErinstad, MH 69122;Chester;Craneside
375;057 Hunt Parks Apt. 416\nJamesfurt, PA 78123;Chester;West Matthewmouth
376;12329 Sandra Freeway\nMichaelstad, AL 03549;Furt;Martinfurt
377;98906 Chung Fork Suite 445\nWilliamshaven, HI 05661;Borough;East Matthewstad
378;0103 Franco Curve\nChristopherburgh, AZ 13469;Haven;Brownberg
379;0937 Tracy Bypass Suite 214\nPort Nicholas, PA 25475;Furt;Millerberg
380;40175 Amanda Flats\nJosephshire, SC 73388;Berg;West Edward
381;77319 Moore Mount Apt. 619\nBrianfurt, LA 09981;Furt;North Lauren
382;422 Schultz Passage\nChristopherview, PR 53577;Stad;Lake Stephanie
383;627 Bartlett Wall Suite 097\nFrankberg, AS 34115;Chester;Kellytown
384;8674 Jason Falls Suite 331\nNew James, OR 88341;Berg;Ginaville
385;26780 Johnson Ramp Apt. 797\nHollandborough, ND 57804;View;Lake Robert
386;Unit 9250 Box 8980\nDPO AE 47453;Bury;East Robinhaven
387;0898 Eric Rue\nKennethland, AZ 47251;Haven;Comptonville
388;495 Lucas Estate Apt. 033\nLake Daniel, MN 48298;Ton;Knightton
389;77642 Norton Trace Apt. 527\nKennedyshire, VA 53177;Mouth;Jamesville
390;12443 Mason Valley Suite 060\nScottberg, NV 02614;Side;West Gene
391;954 Rice Mountains Apt. 052\nWest Kara, VI 41026;View;Josephport
392;1464 Griffin Drive\nEast Benjamin, NM 73064;Stad;Gregoryville
393;Unit 4843 Box 8334\nDPO AP 90581;Port;North Annaborough
394;209 Smith Locks Apt. 388\nSouth Markstad, NE 04394;Land;Port Nathaniel
395;3705 Samantha Track\nPort Samantha, RI 95209;Mouth;Johnview
396;38870 Lisa Forge\nSouth Mariahaven, MS 33287;Fort;Lindseyshire
397;36491 Laura Spurs Apt. 881\nJessicafort, PR 37406;Mouth;Wellsland
398;9264 Brown Plains\nNew Allisonstad, DE 76817;Burgh;Hendersonshire
399;34847 Fitzgerald Forge Apt. 220\nNorth David, MT 40810;Town;North Franciscoberg
400;PSC 6170, Box 3668\nAPO AP 30615;Side;Lake Leslie
401;417 Shelby Track Apt. 447\nBurnshaven, SC 02999;Borough;Lake Russellstad
402;1544 Peter Hollow\nWhiteberg, TX 58840;Stad;Millerstad
403;0702 April Motorway\nRyanfort, MH 58176;Stad;Port Bradley
404;5397 Martin Turnpike Suite 583\nSouth Mark, TN 59414;Ville;Gregorybury
405;73924 Olivia Inlet Apt. 904\nRachelmouth, MP 65889;Town;Lake Stephen
406;0757 Kramer Turnpike Apt. 040\nWest Kathrynfort, NH 88217;Port;Joycetown
407;652 Dean Mission\nAnnahaven, OK 86960;Ville;Heatherbury
408;335 Griffith Pine Suite 082\nPort Richardburgh, TX 35805;Ton;Lake Davidburgh
409;667 Mason Lake\nNew John, GA 97081;Burgh;Molinabury
410;87013 Gomez Land\nNorth Susan, NH 58223;Ville;East Ashley
411;397 Cody Fall\nNorth Scottview, SD 04512;Port;Emilybury
412;85984 Karl Harbors Apt. 817\nLeeshire, NV 02096;Port;South Samanthaville
413;Unit 6902 Box 3201\nDPO AP 25333;Ville;Webbville
414;6092 Caleb Glens\nNew Christina, WY 96639;Port;Lake Jenniferhaven
415;944 Luis Land Apt. 149\nLake Christina, VI 80669;Berg;West Angela
416;9288 Crystal Shoals Suite 390\nHestermouth, NC 92745;Chester;Kimberlyshire
417;PSC 5362, Box 7565\nAPO AP 16182;Shire;Lake Scottborough
418;Unit 8364 Box 4543\nDPO AE 51122;Bury;West Andrew
419;36108 Werner Fort\nEast James, HI 23357;Ville;Williammouth
420;33581 Timothy Dale\nSandovalberg, CA 78726;Berg;Natalieborough
421;643 Sanders Shores\nHeatherfort, OR 22017;Shire;Morrisstad
422;555 James Manor Apt. 016\nMarioton, FM 63872;Burgh;Jonesmouth
423;6701 Nelson Place\nYvonnestad, TN 04228;Burgh;Lake Ashley
424;55671 Peterson Station Apt. 887\nAndreamouth, AL 98489;Bury;Tylerberg
425;32805 Howard Manor\nNew Cindyside, NY 41926;Berg;Lake Jonathanborough
426;716 Blevins Isle Apt. 579\nGilbertberg, GA 38676;Ville;Jessicachester
427;1671 Scott Gateway\nNorth Tracie, AZ 06186;Town;South Micheal
428;85009 Gray Field Suite 039\nWest Zacharyland, DE 50435;Shire;West Alicia
429;268 Morris Corners\nJenniferview, AS 97022;Mouth;Michaelville
430;7153 Robertson Neck Suite 189\nVegaborough, AS 31273;View;East Scottview
431;0101 Hunter Harbors Apt. 433\nChrishaven, NY 07329;Port;Port James
432;054 Joseph Trail Suite 789\nCourtneyberg, NJ 24589;Town;New Valerie
433;1276 Theresa Greens Suite 330\nEast Jakemouth, SD 47682;Side;Brentview
434;91726 Jonathan Ridge Suite 017\nWilliston, WI 24303;Shire;South Linda
435;010 Meyers Stravenue\nPittmanberg, WV 84549;Fort;West Waynemouth
436;41874 Johnston Circles Apt. 041\nBrittneyberg, PW 21434;Borough;Valeriefurt
437;PSC 5304, Box 5983\nAPO AA 02177;Town;Gilbertview
438;1539 Wood Isle\nAnnamouth, CO 40028;Ville;North Joseph
439;876 Victoria Mountain\nNorth Samantha, MO 80215;Town;West Henrytown
440;905 Smith Roads Suite 885\nPort Brittanyshire, NJ 75293;Haven;Wolfburgh
441;653 Lawrence Mall Suite 655\nBarrymouth, AR 01862;Ville;Lake Daniel
442;57637 Anthony Fort\nNew April, CO 68230;Fort;Lake Beckyfort
443;60755 Miller Trace\nNormanfort, WI 83118;Fort;East Brandonfort
444;0135 Simmons Extension\nNorth Jane, MD 53048;Side;New Gabriellaton
445;64272 Clark Streets Apt. 587\nLaurenburgh, TX 54965;Ton;Thomasmouth
446;51440 Stephanie Motorway\nPort Jacob, MD 01346;Ton;Lake Melaniemouth
447;84786 Scott Terrace Apt. 909\nLake Jeffreyburgh, RI 78776;Berg;New Davidfurt
448;3264 Mercedes Walks\nEast Julia, DC 25584;Town;Warrenborough
449;1973 Eric Shore Suite 684\nNew Luistown, MO 71669;Mouth;West Victor
450;190 Moyer Freeway\nLucasfort, IL 11557;Haven;Ryanchester
451;676 Velez Cove\nFreemanburgh, WV 24373;Borough;Millerborough
452;Unit 8167 Box 6159\nDPO AP 52978;Fort;Port Sheila
453;057 Moss Highway Suite 897\nWest Alex, FM 59375;Town;Parrishview
454;3491 Julie Centers\nWheelermouth, NH 47115;Berg;Port Sandra
455;6696 Kathryn Park Suite 594\nNew Jonathan, NH 51295;Shire;Port Josephside
456;15551 Donaldson Port Apt. 493\nNew Steven, MI 77759;Side;Chavezport
457;62219 James Street\nLake Brandonchester, ID 30931;Bury;Barnesview
458;USNV Davis\nFPO AP 21868;Land;South Loriburgh
459;8692 Ochoa Stream Apt. 129\nGonzalezberg, UT 81188;Mouth;Franklinhaven
460;USCGC Bradley\nFPO AP 88414;Ton;Michaelland
461;4144 Roth Shore Apt. 537\nWest Samuelburgh, KS 04592;Town;Edwardston
462;73966 Brittany Green\nSouth Cory, OK 02223;Side;East Bethanymouth
463;932 Jenkins Mountain\nRobbinsmouth, SC 14402;Mouth;South Terry
464;3414 Ronald Drive\nEast Katelyn, PW 38187;Bury;North Cherylstad
465;6498 Hunter View Suite 626\nEwingtown, KS 12844;Town;Carterview
466;Unit 2439 Box 4456\nDPO AE 81860;Port;Port Michaelton
467;2320 Walsh Spurs\nOwensland, PW 05600;Haven;Jamesburgh
468;90287 Cooley Dam Suite 725\nAaronchester, CT 20625;Mouth;Lake Brandyview
469;459 David Rue Suite 181\nEast Adrian, MI 04158;Fort;North Walterton
470;22058 Cynthia Cliffs Apt. 844\nRobertville, IL 25642;Chester;Lake Lisaburgh
471;7470 Laura Plains\nNorth Amberland, NM 78788;Land;Lake Wayne
472;90385 Teresa Ridges Apt. 568\nAaronland, WA 72625;Bury;East Timothy
473;592 Hall Field Suite 398\nIanport, MH 83229;Burgh;Simmonsville
474;5285 Sanders Corner\nSouth Margaretburgh, MS 12255;Bury;Johnland
475;908 Williams Causeway\nSouth Taylorchester, DC 97888;Furt;Boltonburgh
476;8471 Randall Well\nMichellestad, DE 48137;Side;Travisbury
477;575 Tiffany Summit\nRobinsonberg, RI 41147;Town;Brianshire
478;5081 Robinson Rapid Apt. 356\nMikaylafort, PR 60678;Borough;East Robertview
479;879 Daniel Vista\nNew Theresachester, LA 93181;View;New Rachel
480;6910 Carter Neck Apt. 026\nEddiefurt, CO 84555;Town;Port Kennethburgh
481;PSC 7573, Box 9619\nAPO AA 99128;Stad;Jesusview
482;9200 Judy Square Suite 298\nSpencerhaven, KS 95388;Port;Smithchester
483;899 Emma Plains Apt. 145\nNew Colton, DC 91866;Mouth;Rodriguezbury
484;74190 Odonnell Prairie Suite 822\nAmandafurt, VA 11277;Port;Port Angelaside
485;74201 Mclean Course\nLake Jose, CA 36740;Land;Amyhaven
486;410 Peterson Centers Suite 857\nWest Tammiebury, FL 70446;Ville;North Margaret
487;66000 William Run Apt. 850\nSouth Thomas, NE 87598;Bury;Joelmouth
488;273 Howe Viaduct\nEast Michelle, IA 47879;Side;Port Tanner
489;74055 Smith Point Suite 230\nPort Jeremiah, TN 19897;Furt;Duncanfort
490;837 Jennifer Mews Apt. 133\nSouth Jill, IN 80539;Mouth;Kimview
491;USNV Rivas\nFPO AE 89762;Ton;Smithland
492;364 William Ferry Apt. 608\nEast Courtney, CO 87555;Ton;Wallaceport
493;8483 John Pine Apt. 764\nSouth Eddieville, LA 87580;Side;Gomezberg
494;Unit 6853 Box 8614\nDPO AA 98154;Bury;North Christophertown
495;18275 Brittany Parkway\nPort Mike, NJ 51410;Land;West Matthew
496;11351 Ware Plain\nRoberttown, NY 18148;Mouth;Longberg
497;814 Malone Viaduct Apt. 600\nSouth Thomasmouth, VT 42736;Borough;South Kimberly
498;4199 Rebecca Lights\nSmithchester, TX 60508;Port;South Brianton
499;49082 Matthew Forge Suite 256\nBrittanystad, NJ 58345;Borough;North Laura
500;27025 Wendy Station\nEast William, AS 75466;Mouth;Lake Christine
501;26279 Pugh Cove\nNorth Stefanie, PA 46020;Burgh;Hernandezborough
502;USNS Garcia\nFPO AP 44546;Land;Joannaville
503;67763 Katie Mills Suite 347\nBakerchester, IA 63753;Fort;West Ian
504;8266 April Knoll\nHartmanville, WA 73047;Berg;Huntmouth
505;200 Huffman Parks Apt. 663\nLake Emilyberg, RI 32935;Berg;Danielview
506;05712 Robinson Harbors Apt. 434\nRichardside, WA 92326;Furt;East Leroyfurt
507;PSC 6724, Box 0132\nAPO AP 70209;Berg;Melissaview
508;8579 Boyd Vista Suite 377\nPort Robert, GA 79061;Ville;Tracymouth
509;240 Harper Estates Apt. 766\nPort Kellyburgh, AZ 19528;Ville;Port Sherrifort
510;90124 Mckinney Highway\nTraceyberg, MS 81368;Ton;Port Samantha
511;7625 Samantha Mountain\nErnestville, NJ 91435;Haven;North Michelleburgh
512;457 Carlson Tunnel Suite 070\nLake Jasmine, MI 27067;Berg;Port Harold
513;Unit 8211 Box 4079\nDPO AE 99682;Chester;Victorfort
514;74047 Warner Islands Suite 167\nPort Sherrystad, HI 49508;Port;Josephmouth
515;655 Shelly Field Apt. 702\nRodriguezview, AL 93523;Fort;East Laurie
516;13616 April Summit\nPort Kellyview, OR 04096;Town;Lake Darleneborough
517;74797 Edward Centers Suite 824\nSouth Tinafort, DC 99317;Mouth;North Bruceland
518;25114 Rachel Plains Suite 350\nJohnberg, OR 21885;Furt;Owensstad
519;1167 Stephanie Trail Apt. 020\nPamelaborough, WV 31730;Mouth;Taraville
520;118 Jeremy Divide Apt. 148\nNorth Robertland, WA 04133;Ville;West Maryberg
521;Unit 2636 Box 1137\nDPO AA 89407;Bury;South Jason
522;734 Smith Knoll\nBrewerburgh, CT 45402;Fort;Sheilastad
523;7432 Martin Forge Apt. 830\nNorth Nathanburgh, NY 18580;Mouth;New Janiceton
524;65704 John Points\nLake Stevenland, MT 03585;Berg;Osbornport
525;131 Lucas Neck Suite 254\nPerkinsborough, AS 32027;Chester;East Amandahaven
526;0934 Murphy Ford Apt. 101\nAndrewfort, LA 10108;Burgh;Weberfurt
527;951 Amber Mount Apt. 376\nSouth Samuel, GA 47298;Land;Torrestown
528;69307 Freeman Parkway\nNorth Rebekahview, WV 13406;Mouth;Greenechester
529;531 Matthew Shores Suite 244\nLawsonfort, ND 47934;Mouth;New Kellychester
530;0690 Julia Courts Suite 895\nWilliamsside, NY 69333;Mouth;South Markfort
531;602 Tyler Inlet\nCynthiaborough, IA 33892;Side;Mcguiremouth
532;345 Troy Loaf Apt. 048\nTaylorborough, GA 57094;Port;West Matthewport
533;035 Scott Terrace\nSanchezhaven, MA 23859;Berg;North Michaelfurt
534;6013 Ashley Tunnel Suite 755\nSouth Vanessashire, CT 17538;Shire;West Barbarafort
535;11818 Garcia Valley Suite 055\nBanksstad, DC 69287;Side;Dominguezburgh
536;127 Lambert Port Apt. 666\nJohnsonchester, NV 14909;Port;Lake Matthew
537;07928 Sandra Vista Suite 117\nThomasstad, GA 70025;View;Steelechester
538;Unit 8755 Box 0434\nDPO AE 24410;Borough;Randolphberg
539;55294 Marshall Falls Apt. 793\nNorth Craigmouth, LA 54900;Furt;New William
540;652 Jeremy Overpass\nNorth Destiny, NH 40604;Land;West Carrie
541;5219 Moses Meadows Apt. 633\nRyanfort, NJ 27713;Stad;West Ellen
542;5664 Cole Square Apt. 793\nLake Lisatown, ID 75749;Mouth;Williamsville
543;PSC 0434, Box 0321\nAPO AE 76889;Stad;South Wayneshire
544;80691 Williams Wells Apt. 245\nMurphystad, ND 40521;Mouth;New Tracyborough
545;8183 Cochran Harbor Suite 363\nNorth Jillian, PA 05872;Borough;North Matthewmouth
546;888 Gilbert Manor Suite 424\nScottstad, GU 93289;Ton;South Jennifer
547;25854 Wallace Mews Suite 842\nDavidshire, NC 78927;Chester;Port Charles
548;76856 Molina Port Suite 897\nNew Angel, WY 37253;Haven;Beverlyberg
549;79369 King Way\nStewartland, DC 33518;Furt;Lake David
550;30034 Elizabeth Flat Apt. 200\nPort Jameston, PW 69069;Side;Robertside
551;USNV Brown\nFPO AP 90594;Shire;Averyport
552;24516 Hartman Gardens\nAshleyview, WA 75512;Shire;South Sarahfurt
553;3546 David Street Apt. 977\nEast Derek, OH 80111;Town;North Mario
554;69211 Henderson Wall Suite 126\nPort Bonnieport, IN 06214;Ville;South Danielbury
555;Unit 1968 Box 1715\nDPO AE 47943;Bury;Bennettburgh
556;Unit 8373 Box 3701\nDPO AP 29065;Mouth;New Brian
557;0158 Ross Cliffs\nNorth Chad, MA 84347;Fort;Shannonchester
558;701 Velez Glen Apt. 785\nSouth Karenchester, OR 17182;Land;Burtonfort
559;72521 Denise Rapids\nGarrettstad, NC 46497;View;West Kimberlyton
560;21803 Hill Cove Apt. 269\nChristopherberg, PR 07281;Ville;Kellyburgh
561;821 Collins Ranch\nWest Amyborough, DE 72055;Shire;New Adamfort
562;708 Williams Courts\nAntonioside, VA 55700;Town;Thomaschester
563;5362 Stacy Circles Apt. 202\nLopezstad, NY 72588;Haven;South Felicia
564;0583 William Circles Suite 452\nMccoybury, MI 70544;Haven;North Jonathan
565;89564 Shirley Path Suite 087\nKimberlyshire, MT 82943;Ville;Jamesfurt
566;1787 Golden Plains Apt. 753\nTimothyside, FL 91005;Berg;West Nicholasshire
567;25279 Henderson Landing\nEast Heather, MD 90130;Berg;West Frank
568;6250 Smith Crossroad\nSouth Josephland, PR 57792;Port;South Amy
569;756 Sanchez Manor\nPort Sylviaton, NY 46221;Land;Lake Josephport
570;3927 Steele Meadows\nLucasside, WV 45261;Berg;Paulbury
571;468 Barnes Views Suite 957\nWest Jeremy, PR 58561;Mouth;Port James
572;52131 Ortega Crossroad Apt. 062\nWest Cody, HI 18774;Bury;West Edward
573;0682 Shelley Pass\nNew Vanessamouth, NE 38592;Mouth;Port Timothy
574;72867 Chandler Extension Apt. 433\nDanielmouth, ID 52544;Berg;Williamsside
575;251 George Squares Apt. 184\nLake Kristi, GU 44122;Chester;Lake Lee
576;5635 Murray Trail\nLake Jose, MI 70413;Berg;New Antonioton
577;129 Pope Plain Apt. 109\nHowardburgh, OR 46313;Bury;West Kellystad
578;945 Michelle Village Apt. 992\nLake Anita, UT 74714;Haven;New Jenna
579;81006 Jones Mount\nMillerbury, DE 25292;Furt;Lake James
580;564 Melissa Dam Apt. 465\nSouth Chase, DE 15655;Mouth;Shannonmouth
581;4781 Myers Fords\nEast Matthewborough, IL 38362;View;New Kenneth
582;03987 Mary Crescent Apt. 866\nSouth Denise, AS 60406;Bury;Gonzalesburgh
583;187 Stacey Vista\nBarrettview, WA 63974;Burgh;Jenniferburgh
584;466 Becker Stravenue\nEileentown, OK 81222;Town;East Zachary
585;858 Holt Bypass\nChadton, ND 78623;Berg;Tranview
586;87272 Rose Shoals Apt. 455\nMartinezmouth, PR 72987;Ton;Alanstad
587;221 Kelley Streets\nNorth Danielport, MH 24340;Side;Port Jane
588;672 Daniel Mountains Suite 936\nKingfort, RI 46401;Haven;New Kathryn
589;135 Lawrence Center\nEast Bethton, AL 09251;View;South Matthewside
590;93856 Robinson Radial Apt. 071\nPort Elizabeth, VT 29155;Haven;New Michelle
591;USNV Glass\nFPO AE 69816;Stad;Andersonchester
592;91395 Benjamin Cape\nMichelestad, GA 62904;Ville;Jasonport
593;Unit 4710 Box 0732\nDPO AE 67059;Burgh;Raymondside
594;1838 Jennifer Freeway\nJenniferborough, NJ 83990;Side;Clarkechester
595;Unit 3032 Box 1958\nDPO AA 56209;Fort;Lake Lucas
596;8645 James Oval Suite 975\nEast Laurenport, NE 91700;Berg;Lake James
597;263 Gross Corners\nSouth Christine, NM 41512;Fort;East Sherrifort
598;9166 Anderson Plains\nWallacehaven, SC 10767;Ville;Joseview
599;09632 Hodges Groves Apt. 907\nNorth Lisa, PW 97582;Stad;Jamesberg
600;19548 Stephanie Centers Suite 009\nNew Robertshire, DE 79041;Haven;Davismouth
601;50034 Mckinney Fords\nSouth Andrea, AZ 37555;Haven;East Jennifer
602;2605 White Center\nPort Robertshire, NY 20595;Stad;North Markport
603;09398 Martin Via Suite 541\nBaileyshire, HI 32075;Ton;Alexfort
604;14343 Barnes Via Suite 376\nSpencermouth, PW 92600;Furt;Port Adam
605;03002 Chung Highway\nWest Maryton, MN 86457;Ville;West Amandachester
606;40275 Kenneth Ramp Apt. 173\nWest Kevin, KS 60813;Ville;South Amandaton
607;284 Lyons Run Suite 004\nMelissamouth, ID 90290;Burgh;East Joy
608;21560 Mary Avenue\nAdamsmouth, MA 98217;Side;North Paul
609;245 Santiago Plains\nMaynardfurt, LA 86850;Mouth;South Karentown
610;3049 Nicholas Plaza Apt. 838\nMendezview, SD 72278;Ton;Pattersonburgh
611;1014 Micheal Walk\nSouth Micheleview, SC 68446;Haven;Lake Amy
612;24134 Anthony Ville\nMatthewberg, SC 27670;Burgh;Reginahaven
613;1496 George Light\nSouth Charles, WV 14805;Ville;Tracybury
614;41067 Mark Loaf\nNorth Nina, SD 07054;Fort;Port Robert
615;103 Michele Rapids\nEast Jessica, UT 67223;Stad;Charleschester
616;511 Wilcox Underpass\nScottberg, VI 81465;Ville;Jeremiahborough
617;95116 Dustin Locks Apt. 719\nMeganstad, MT 04515;Side;Christopherside
618;37785 Gerald Passage Apt. 705\nConnorhaven, MD 73708;Land;Pearsonborough
619;40328 Lyons Villages\nNew Casey, TX 48015;Chester;New Luisfort
620;Unit 4729 Box 4321\nDPO AE 98245;Town;Matatown
621;341 Peter Coves Suite 147\nDavidmouth, MO 07942;Chester;South Kristine
622;PSC 0830, Box 9600\nAPO AP 91113;Port;Markstad
623;PSC 9606, Box 6373\nAPO AE 57354;Ville;Johnland
624;162 Zuniga Ville\nDianeland, WI 17692;Furt;Kellyhaven
625;37731 Ochoa Fields Suite 005\nMariashire, ND 21098;Ton;Jonesberg
626;66597 Spencer Lake\nCamachoberg, VI 70113;Port;North Christian
627;76083 Smith Mills\nBrownfurt, IA 19182;Ton;Leachhaven
628;282 King Islands\nNew John, MI 35469;Land;South Kathrynton
629;08798 Carolyn Court Apt. 187\nRivasfurt, ME 89429;Haven;Deborahtown
630;7127 Anderson Highway Suite 582\nRebeccahaven, SC 57516;Chester;South Vincent
631;1958 Andrea Glen Suite 948\nSouth Dawnmouth, KY 59653;Mouth;North Heather
632;817 Mitchell Fields\nWest Sandra, CO 63361;Borough;Lake Christine
633;0541 Gregory Streets\nPort Chad, TN 76762;Ton;Port Alexis
634;4405 Wilson Mountain Suite 481\nJoycefort, NY 65488;Stad;Port Kevinfurt
635;28847 Mckinney Garden Apt. 286\nJohnsonview, MO 99612;Town;West Martinstad
636;2766 Jones Village\nBrownshire, DE 32662;Shire;Robertfort
637;074 Danielle Plain Suite 238\nWest Tamaramouth, IN 55470;Furt;Nicoleshire
638;6001 Reeves Loaf\nNew Jesseville, MI 11373;Land;Buckview
639;99393 Henry Spurs\nPort Charles, WI 38270;Berg;South Victoria
640;6871 Mercedes Unions\nPort Nicholas, WY 16204;Land;Lake Christopherburgh
641;5188 Little Mill Apt. 733\nSouth Michaelmouth, MA 34960;Borough;North Kaylashire
642;7839 Kenneth Mount Suite 169\nGarciaville, AR 85789;Mouth;North Caitlin
643;116 Stacy Village\nPort Ashleymouth, MN 98545;Furt;Port Rachelmouth
644;6049 Christina Estate Apt. 163\nSouth Donaldshire, WY 79337;Stad;Robbinsland
645;7664 Andrea Mount Apt. 043\nDenisemouth, IN 67625;Fort;New Crystalton
646;31657 Terry Drive\nJosechester, SC 39118;Mouth;West Michael
647;USNV Thompson\nFPO AP 93517;Burgh;Colleenmouth
648;49286 Karen Pine Apt. 720\nNew Margaretfurt, OK 30824;Bury;Hillmouth
649;USCGC Hurley\nFPO AE 94583;Bury;Kathleenview
650;89654 Sophia Run Suite 257\nKennethville, TX 46529;Burgh;Lake Michael
651;5029 Estrada Parkway\nJenniferfort, OR 98984;Burgh;South Jayland
652;0482 Darlene Vista Suite 344\nNorth Joseph, NE 04263;Ton;Holmesberg
653;667 Alexis Wall Apt. 796\nPort Tonyberg, OK 95798;View;Lake Troyborough
654;18460 Michael Forks\nEast Roger, GU 56969;Shire;New Heather
655;2455 Thompson Mountains Apt. 260\nDanielleton, MS 63646;Bury;Taylorbury
656;5103 Andrew Grove\nNew Stephanie, CT 12100;Fort;Port Stephanie
657;6924 Brittany Motorway\nEast Jacobborough, MH 57283;Stad;New Mary
658;88245 Orozco Point\nPort Dustin, RI 11445;Ton;New Josephberg
659;Unit 2402 Box 4055\nDPO AA 93707;Borough;West Blake
660;3157 Murphy Inlet\nPort Chelseastad, VI 90644;Port;East Thomasport
661;98847 Taylor Village\nSouth Kimberly, AL 91130;Stad;East Ginaland
662;034 Joyce Fields\nNorth Cassandra, MD 63719;Ville;Brettfort
663;9522 Hall Lights Apt. 737\nKelleyville, MT 34965;Mouth;Matthewside
664;99132 Daniels Vista Suite 504\nLewisbury, OK 32771;Town;South Molly
665;438 Sarah Rue\nLake Susan, ME 68117;Port;Scottport
666;Unit 2254 Box 0148\nDPO AP 11318;Ton;Yolandatown
667;16379 Michelle Fords Apt. 215\nWest Joyport, TN 06588;Bury;West Timothyfurt
668;79493 Cynthia Fork\nTuckerberg, IA 79199;Haven;Port Nicole
669;PSC 2582, Box 0864\nAPO AE 94840;Shire;Port Laurenton
670;7630 Melendez Stravenue Apt. 261\nLeonardshire, DE 94926;Berg;Josephview
671;7336 West Ports Apt. 473\nHerreraview, CT 55356;Burgh;Lake Amanda
672;65213 Edward Avenue\nSouth David, MT 03519;Fort;Livingstonport
673;859 Ronnie Isle\nRobertton, ME 33611;Land;New Jessica
674;862 Lauren Flat Suite 661\nSouth Katrinashire, NH 46252;Mouth;Shawnton
675;83366 Lynn River Apt. 566\nJonesmouth, MI 88398;Ville;Johnsonview
676;PSC 7483, Box 7386\nAPO AE 57602;Mouth;South Gregoryside
677;4959 White Field\nRobinsonfurt, KY 67615;Berg;Calvinberg
678;PSC 1134, Box 5747\nAPO AA 20228;Ton;South Melissashire
679;240 Cabrera Plains Apt. 828\nOwensview, AL 10954;Haven;Garrettchester
680;Unit 7559 Box 6339\nDPO AP 96204;Town;Smithchester
681;7373 Matthew Trafficway Suite 737\nBentonstad, DE 90640;Furt;Torresshire
682;596 Joshua Rapids Apt. 549\nWest Randyfort, IA 39755;Ton;Johnsonhaven
683;6237 Chan Run\nRobertston, MH 94746;Town;Port Zachary
684;10339 Murray Skyway Apt. 648\nNicholaschester, SD 59052;Stad;Davidport
685;264 Sean Ville\nLake Gabriellaburgh, MA 94077;Fort;Port Ryanstad
686;82923 Brian Villages Suite 833\nPort Jenny, PA 89441;Stad;Duffyfurt
687;2690 Roberson Inlet\nLake Hannahfurt, NY 42816;Furt;East Deanna
688;420 Rhodes Motorway\nPort Melanie, AZ 03104;View;Jennifershire
689;54778 Patricia Viaduct Apt. 793\nLake Alexandermouth, DE 13596;View;New Robintown
690;Unit 3052 Box 8770\nDPO AA 23096;Town;North Jacob
691;1597 Wilkinson Gateway Apt. 644\nBrianfort, TX 38446;Land;North Vincentville
692;657 Watkins Crossing Suite 495\nSouth Victoriaton, KS 91741;Ville;Lake Ashley
693;51456 Raymond Island Apt. 096\nRobertland, HI 10059;Burgh;Scotttown
694;997 Young Ridges\nLopezshire, IA 24487;Chester;North James
695;51495 Goodwin Forest Apt. 732\nWest Emily, HI 50333;Borough;Figueroaborough
696;USCGC Lee\nFPO AE 08657;Town;Khanmouth
697;4412 Jensen Stravenue Apt. 529\nNorth Juliemouth, AZ 25144;Chester;Francesburgh
698;27318 Kevin Court Apt. 233\nPort Linda, VA 20131;Ville;Hurleyshire
699;14248 Gray Mountains\nHowechester, MI 13609;View;Harristown
700;606 Meyer Summit\nEast Kelseyfurt, HI 17263;Land;Danaview
701;71122 Brandon Expressway\nLisaview, VT 80378;Ville;New Amytown
702;346 Phyllis Hill\nTaylorstad, NC 46440;Mouth;Joyside
703;58218 Carlos Garden\nLake Katrina, NE 40741;Stad;Port Jenniferbury
704;48592 Higgins Street\nBowmanburgh, NY 06756;Stad;Lake Benjaminport
705;74462 Jesse Route\nBlairside, NH 31378;Land;Port Keithburgh
706;53282 Michael Rapids\nLorettaside, IA 24875;Mouth;Abbottburgh
707;68429 Jeffery Drive\nSouth Sandraberg, PW 08313;Berg;Ashleyton
708;192 Brian Lake\nWest Jamesstad, MI 90142;Stad;Davidview
709;849 Davis Mill Apt. 340\nAmberstad, NC 36672;Berg;West Courtney
710;16358 Nguyen Alley\nMichaelport, VI 93139;Side;New Ericabury
711;63235 Richard Wells Suite 485\nAndreabury, NE 44627;Mouth;North Andrewberg
712;67959 Brandon Stravenue\nEast Veronicabury, VA 79715;Borough;New Matthewhaven
713;12660 Kenneth View\nDeleonbury, NJ 02684;Fort;Lake Aaronfurt
714;547 Ramirez Square\nWrighttown, FL 93913;Borough;Sandratown
715;615 Debbie Mountains\nEast Kevinmouth, IL 40379;Shire;West Jacobberg
716;416 Bobby Shores Apt. 532\nNew Hannahmouth, HI 42522;Side;Davidland
717;0089 Finley Plaza\nMeghanshire, PW 29954;Port;North Christophershire
718;76379 Michael Locks Suite 641\nLake Jeffery, IL 42717;Town;Shannonbury
719;902 Melvin Prairie Apt. 532\nRogerston, MI 47533;Chester;Dicksonbury
720;294 Patrick Dale\nWhitemouth, MD 82020;Fort;West David
721;8712 Moran Knolls Apt. 213\nPort Angelamouth, TN 08859;Furt;North Victoriatown
722;0052 Lewis Corner Apt. 965\nNorth Thomas, ME 49945;Stad;South Brenda
723;66104 Amy Forks Apt. 995\nNew Caitlin, PR 18476;Mouth;Murphyfurt
724;2418 Mccarty Lodge\nKristinton, ME 04843;View;East Christopherside
725;9169 Jody Run\nDustinfort, CA 07565;Berg;Lisaborough
726;333 Garcia Skyway\nNew Helen, UT 21013;Town;South Joshua
727;3716 Sandra Land\nGutierrezville, NJ 22911;Furt;Port Michaelfort
728;1999 Sierra Tunnel Apt. 401\nEast Erin, MS 83204;Haven;Lake Elizabeth
729;63668 Carter Bridge Apt. 810\nSmithside, VA 55206;Shire;New Thomas
730;USCGC Vega\nFPO AA 60297;Borough;Jeremyborough
731;12722 Allison River Apt. 781\nRalphton, MD 15315;Stad;Williamport
732;9158 Fuentes Manor\nPort Susanmouth, HI 20340;Fort;Wrightland
733;73323 Miller Glen\nHernandezville, IL 17323;Berg;Longfort
734;47931 Gonzalez Plains Apt. 310\nTuckerview, RI 07369;Berg;New Alicialand
735;17973 Debra Loop\nRossport, PA 63081;Haven;Patrickland
736;2882 Riley Spring\nPort Danielview, NE 34265;Bury;Caseyshire
737;3140 Todd Lodge\nCaldwellmouth, NE 42869;Burgh;Port Rebeccaport
738;10219 Thomas Cape\nAustinborough, OH 02200;Ville;Melaniestad
739;300 Elizabeth Stravenue Suite 636\nMariaburgh, ID 97534;Haven;West Kristinberg
740;601 Fowler Islands Apt. 513\nEast Robertville, MP 17207;Shire;Lake Marcus
741;2644 Aaron Field\nHernandeztown, ID 68437;Mouth;North Vanessa
742;98335 Daniel Spring Apt. 454\nBriggsview, VT 17093;Side;Lake Adam
743;284 William Pines\nRogertown, LA 55240;Mouth;Port Brandyport
744;7437 Derek Canyon\nLake Aaron, AS 23874;Stad;Pruittville
745;84480 Yoder Isle Apt. 812\nNicoleland, AL 13639;Ton;Conwayfort
746;836 Aaron Islands Suite 506\nChristophermouth, FL 73108;Ville;West Christopher
747;88788 Julie Curve\nPeterville, PW 34657;Berg;Amberstad
748;0304 Johnny Vista Suite 501\nNew Dean, KS 75343;View;Moranchester
749;79518 Baker Wall Apt. 823\nKathrynport, WA 08150;Berg;East April
750;8601 Walker Lock\nJamesville, NM 68177;Ville;Davidburgh
751;5069 Armstrong Loaf\nMarychester, SC 08922;Stad;West Lisa
752;0232 Carson Ville Suite 398\nKeithmouth, DC 98674;Stad;Olsonchester
753;9828 Williams Bridge Apt. 595\nPort Kara, DE 49289;Haven;North Victoriaburgh
754;723 Tyler Passage\nOrtegaport, IL 72915;Haven;Miguelton
755;26639 Henderson Mountains\nDouglasstad, NM 52935;Fort;Lisahaven
756;39062 Stephanie Street\nLake Richard, FM 59715;Mouth;West Charlesburgh
757;7727 Douglas Crescent\nTimhaven, AR 23162;Stad;Lake Brandon
758;683 Caroline Hill\nEast Stevenshire, MO 08837;Ville;Dunlapmouth
759;721 Scott Wells Apt. 942\nEast Davidmouth, VT 04885;View;West Blaketown
760;382 Hunt Plaza Suite 544\nDianamouth, GU 66616;Mouth;Lake Bryanmouth
761;525 Brooks Fort\nJoneshaven, MO 56581;Side;Port Johnview
762;8559 Charles Forest\nSouth Richard, MA 86941;Burgh;Wilcoxbury
763;28968 Ward Plain Suite 087\nLancefurt, MT 56358;Furt;Brianview
764;89132 Jackson Curve\nNorth Heathermouth, AS 30365;Port;Martinezport
765;PSC 4697, Box 8402\nAPO AE 08424;Chester;Pagefort
766;830 Candice Hollow\nKellytown, OK 01198;Mouth;East Rickton
767;507 Robert Dam\nPort Gregorychester, OK 26332;Land;Port Joseborough
768;34108 Adam Port\nKathleenport, SC 41477;Chester;Port Jessica
769;71991 John Center Apt. 015\nLake Nicole, VT 32548;Borough;Port Isaacmouth
770;PSC 4821, Box 7618\nAPO AP 67538;Burgh;Lindseyville
771;874 Perkins Park\nThompsonville, GU 80212;Land;Edwardsburgh
772;8641 Sanders Locks Suite 251\nWest Hailey, GU 81326;Stad;Estradamouth
773;262 Washington Corner Apt. 649\nPort Brentberg, ME 86854;Bury;Port Reginald
774;419 Ryan Lane Suite 376\nJohnnyville, ID 13831;Borough;Lake Nathanburgh
775;67358 Brad Lodge\nPort Kelly, IL 27974;Haven;Foxland
776;38737 Bryant Fields\nNorth Ashlee, WV 39108;Furt;Lake John
777;993 Reese Avenue Suite 975\nSaraside, PW 07014;Ville;Patricialand
778;Unit 5220 Box 1342\nDPO AE 83714;Haven;Melindafurt
779;120 Kennedy Flats Apt. 525\nNorth Jacquelineborough, NE 21973;Furt;Brownport
780;771 Hurley Squares\nBurnsland, IL 76986;Shire;Kingville
781;00612 Justin Tunnel\nNew Mirandaton, IA 03376;Ville;South Eric
782;Unit 7966 Box 9344\nDPO AA 86109;Land;East Tanyaland
783;1747 Ernest Port\nRebeccahaven, NV 19052;Ton;Hooperland
784;2362 Koch Street Apt. 638\nNorth Heathershire, ID 51464;Stad;New Juanview
785;0747 Darrell Junction\nLake Alyssa, TX 66567;Shire;Joshuachester
786;459 Tina Crossroad Suite 807\nWilliamsborough, PW 66699;Chester;New David
787;05219 Richard Place Suite 306\nBellmouth, IN 60540;Furt;Hillburgh
788;74301 Fisher Alley\nJudyport, FM 60185;Town;New Sharon
789;33375 Mary Gateway\nNorth Kaylatown, ME 41081;Stad;Lauraberg
790;4005 Nancy Well Apt. 951\nBenjaminview, NE 48819;Port;Pateltown
791;3661 Jane Vista Apt. 320\nKennethborough, NH 05293;Berg;Jeremybury
792;72479 Natasha Crest Suite 216\nShanehaven, KY 33653;View;Williamsmouth
793;6089 Barber Key\nLake Amber, CO 75821;Bury;Gouldburgh
794;24907 Foster Course\nJonathanhaven, NJ 48257;Shire;Johnnymouth
795;3674 Williams Isle\nSouth Jacksonview, KS 40055;Furt;East Stevenburgh
796;Unit 0595 Box 8697\nDPO AP 61718;Furt;Jasonshire
797;32812 Mark Canyon Suite 127\nPort James, AK 28697;Ton;Port Allisonport
798;USS Martinez\nFPO AP 31130;Burgh;Simpsonchester
799;6420 Kimberly Gardens Apt. 607\nNorth Angela, OR 64926;Furt;Michaelshire
800;95842 Pitts Falls\nPort Saraview, AK 41279;Port;South Loganchester
801;USCGC Edwards\nFPO AA 87204;Borough;West Nathan
802;540 Kristin Course\nWestfurt, IL 09557;Fort;Lake Jenniferfurt
803;5178 Brendan River Apt. 606\nLake John, OK 98899;Bury;East Veronica
804;291 Whitney Mountain Apt. 222\nEricberg, OR 77290;Borough;West Cherylmouth
805;9054 Davis Views Apt. 554\nNew Linda, NE 46495;Furt;Grahammouth
806;PSC 2983, Box 8293\nAPO AP 63178;Shire;North Jessica
807;9365 Monica Field Suite 692\nEast Justin, IA 71630;Side;South Leah
808;61535 Cameron Fall Suite 893\nAndrewview, ID 97611;Haven;West Christopher
809;852 Jackson Terrace Apt. 901\nNorth Wendymouth, MO 19672;Side;New Matthewfurt
810;2277 Carney Ramp Suite 293\nNorth Amandaborough, MS 51663;Ton;Hamiltonview
811;352 Sarah Plaza Apt. 427\nNorth Stephanieburgh, AK 14725;Ville;West Kevinhaven
812;786 Knox Port Suite 940\nCarrilloton, TX 67807;Land;Branditown
813;1409 Williams Roads\nNorth Anthonyside, CA 16615;View;Port Mirandashire
814;26981 Darrell Crossroad\nAmandaburgh, WI 38751;Mouth;Kristaberg
815;5840 Andrea Shoals Suite 472\nLake Chelseytown, MP 22701;Port;Port Sydneymouth
816;7185 Kristin Light\nLake Brandy, NH 22192;Mouth;Abbottstad
817;3754 Michael Motorway Apt. 391\nTinastad, MS 15763;Stad;New Brianport
818;50052 Hughes Station\nPort Justinmouth, FM 53836;View;Leslieport
819;9287 Andrea Point\nEast Gregory, MI 66661;Ton;East Christine
820;USNV Martin\nFPO AE 86307;Haven;West Michele
821;052 Shari Place Suite 057\nWest Elizabeth, SC 62194;Borough;Melissahaven
822;31712 Elizabeth Ports\nNew Christy, HI 05742;Burgh;Hannahtown
823;695 Jackson Camp Suite 297\nLinside, ND 60528;Fort;Michaelhaven
824;2284 Alyssa Ford\nLake Gregorybury, PA 06545;Stad;North Ashley
825;7810 Jennifer Hollow Suite 033\nHugheshaven, MD 37400;Ton;Michaelmouth
826;9240 Horton Island\nNorth Michellestad, MO 50426;Borough;Mauricehaven
827;4710 Eric Shoals\nRobertport, MS 95148;Bury;Lake Angelicahaven
828;02168 David Unions\nLaurafurt, RI 98860;Land;Andrewstad
829;6384 Ashley Mountains Suite 728\nDavisfurt, VA 20550;Burgh;North Jerry
830;03622 Michael Field Suite 399\nKathleenburgh, CT 12047;Side;Port Sonya
831;0175 Mcgrath Hollow Apt. 540\nEast Isaac, OK 92026;Bury;Brianfort
832;9412 Jennifer Path Apt. 729\nFisherview, NH 52925;Haven;South Gabriel
833;00331 Lisa Shores Suite 934\nNew Johnview, MN 18068;Stad;Sandrafort
834;2816 Russell Ports\nNew Lindsay, NM 47808;Fort;Johnstad
835;93223 Mary Terrace\nSmithshire, OH 61602;Town;Port Cesarbury
836;9095 Brittney Stravenue\nNorth Andrewside, OR 73851;Ton;Rodriguezport
837;7849 Williams Meadow Apt. 143\nLake Mercedeshaven, SD 53517;Haven;Codyside
838;15492 Simpson Parks\nPort Evelynton, DC 71971;Bury;New Jason
839;Unit 3841 Box 4846\nDPO AE 41331;Shire;North Nicholashaven
840;6065 Barnes Prairie\nWest Donald, MP 12771;Land;Rhondaton
841;6949 Davis Plains Suite 607\nLouisside, AK 04894;Chester;Brownville
842;1364 Fernandez Ridges\nNicholsshire, IA 78782;Side;Port Gary
843;64603 Washington Dale Suite 620\nWolfestad, DE 33094;Bury;Robertmouth
844;930 Morrison Roads Suite 417\nCabreraport, OK 09176;Mouth;West Christyville
845;54647 Hector Rapid\nJohnsonmouth, VT 55922;Haven;Smithside
846;807 Sanchez Row Apt. 175\nAdamsstad, MS 25135;Ville;New Sarahside
847;1614 Ellis Grove\nNorth Nicholasfurt, KS 14035;View;Allentown
848;49943 Reyes Hills Apt. 275\nEast Kathleenland, PW 43450;Mouth;South Jerryhaven
849;036 Delacruz Mission Apt. 406\nNew Kristinamouth, CT 06684;Port;Amberville
850;USNV Thompson\nFPO AA 38987;Side;Timothymouth
851;38164 Jessica Run\nSouth Leon, TN 88037;Town;West Michaelview
852;06452 Michelle Plains\nJeremyfurt, DE 38913;Port;Davidberg
853;50427 Matthew Trail Suite 193\nNew Ryanchester, PW 20549;Mouth;Port Williamborough
854;84566 Christian Forge\nNorth Courtneyfurt, AR 30005;Port;West Sabrinahaven
855;20570 Jeffrey Harbor\nWilliamsshire, TX 68576;Stad;Rosariotown
856;3049 Kaitlyn Stravenue Apt. 223\nEast Patricia, PR 75109;Berg;Wrightfurt
857;Unit 9483 Box 4479\nDPO AP 69771;View;Port Dana
858;PSC 1918, Box 2860\nAPO AP 27533;View;New Rogerstad
859;82431 Bianca Skyway\nGrayview, GA 62760;Borough;West Heatherburgh
860;07862 Jason Crossroad\nEast Lisa, MA 06779;Side;Adambury
861;33009 Tyler Knoll\nLake Brittney, WV 32486;Stad;South Jessicaport
862;66204 Hayden Plaza\nOdomchester, ME 06883;Haven;East Angela
863;37280 Curtis Lane Apt. 111\nLake Lisaview, IA 48896;Mouth;Lowechester
864;742 Caitlin Manor\nTylershire, ME 08478;Borough;Smithshire
865;09125 Amy Shore Apt. 611\nReedview, RI 55294;Fort;New Francesmouth
866;50689 Lawrence Shoals Suite 104\nLake Reginaldhaven, OH 70040;Town;Port Crystalton
867;90968 Christopher Street\nPort Meaganview, AS 91418;Land;Port Jared
868;Unit 6717 Box 3999\nDPO AP 65200;Shire;East John
869;098 Collins Island Suite 939\nNew Michael, FL 37051;Haven;Leahport
870;9986 Perez Land Suite 896\nBuckmouth, OR 32210;Burgh;Lake Kaitlyn
871;031 Julie Island\nNew Rachelburgh, MS 95996;Shire;West Jonathan
872;494 William Station Suite 395\nLake Jennifer, VT 69212;Mouth;Lake Elizabethhaven
873;USNS Fletcher\nFPO AE 20995;Land;Alanborough
874;65385 Gamble Shores\nLake Mark, NC 94154;Berg;Chadfort
875;3812 Jason Motorway Suite 782\nRobertland, MD 79042;Ton;Williamside
876;923 Jacob Expressway Suite 394\nPort Brenda, NM 89538;Borough;New Suzannebury
877;3398 Alvarez Crossroad\nCollinsville, OK 05134;Furt;Martinezchester
878;USNS Wade\nFPO AA 24126;Chester;Lake Wendyhaven
879;USNV Horne\nFPO AP 38751;Haven;New Georgefurt
880;390 Bradley Fort Suite 007\nMillertown, AR 91384;View;Douglasborough
881;6280 Hughes Locks Suite 368\nSouth Charlesburgh, VI 80713;Chester;Brandonport
882;005 Regina River\nAdamsfort, RI 10691;Burgh;Lauraview
883;54046 Torres Island\nWest John, NV 88365;Stad;South Jefferytown
884;20153 Jenna Walks Apt. 697\nPort Jonathan, CT 85852;View;Andersonhaven
885;6657 Moore Vista Suite 621\nEsparzaville, RI 90301;Land;Bethfort
886;62124 Johnson Row\nLopezchester, MA 44911;Land;New Chrisberg
887;620 Rose Burgs\nDanielsshire, IL 46764;Port;North Jessicaland
888;220 Sara Expressway Apt. 854\nJohntown, MO 55769;Mouth;East Ryan
889;41780 Michelle Harbor\nDanielborough, KY 08075;Ton;New Kylie
890;038 Carol Mountains Suite 606\nNew Jacobview, MH 85791;Port;West Lisa
891;429 Gregory Locks\nSouth Jordanland, NM 53500;Bury;South Mitchell
892;19797 Rose Meadow Apt. 750\nOnealstad, NE 59170;Haven;Leburgh
893;36798 Teresa Prairie Suite 193\nSouth Richard, AS 34937;Bury;East Charlesview
894;612 Austin Drive\nNorth Jeremy, NV 42200;Furt;Selenaburgh
895;275 Edward Dale\nPort Stefanie, GA 91085;View;East Stephanie
896;13824 Santiago Fork\nHerreraborough, CA 20279;Burgh;East Patriciamouth
897;1142 Christine Run\nMorganburgh, IN 63354;View;East Matthewport
898;7074 Edward Stream\nSouth Heatherview, VA 38777;Fort;West Roger
899;791 Hopkins Route Suite 283\nNorth Jack, MH 61758;Town;Jessicaport
900;6730 Banks Mountain Apt. 372\nJamesborough, VT 08108;Land;Franklintown
901;870 Tami Rapids Apt. 014\nCherylfurt, VI 54099;Ton;Jasonville
902;44183 Elizabeth Mission\nKaitlynshire, MP 52935;Land;East James
903;4343 Annette River Suite 245\nEast Jacobfurt, WI 97361;Ville;West Jamesfurt
904;4791 Connor Parkway\nMillerville, NC 03502;Bury;Gatesview
905;617 Thomas Fields\nJasonberg, MH 07553;Mouth;Scottshire
906;2123 Blankenship Well\nGonzalezview, WI 16454;Borough;Devonview
907;5537 Taylor Valleys Suite 400\nJohnstonside, NE 43259;Bury;Stokesberg
908;458 Acosta Fort\nLake George, FL 13168;Ville;East Manuelport
909;34564 Elizabeth Turnpike\nMillerstad, NC 04228;Stad;Adamsfurt
910;37136 Jasmine Ridge\nShafferburgh, CA 88186;Mouth;Derekfurt
911;03006 Thomas Mall\nAdamfurt, FL 60804;Stad;Rodriguezbury
912;50504 Parks Falls Apt. 813\nSouth Rebeccaton, SC 62942;Borough;Aguilarhaven
913;Unit 4841 Box 7148\nDPO AA 12443;Ville;New Markport
914;0050 Gutierrez Flat Apt. 513\nWest Vanessafort, CO 76307;Bury;Catherineshire
915;47057 Casey Rue Apt. 199\nSimsstad, AL 59337;Haven;Whiteheadstad
916;39856 John Locks\nPort Brendanshire, MN 62113;Port;Reynoldschester
917;350 Solis Street Suite 648\nWest Kyletown, OR 33357;Bury;South Sharon
918;PSC 5601, Box 9078\nAPO AA 45862;Shire;Levinestad
919;18387 Foley Extensions\nPort Lori, NC 13600;Ville;Griffinfort
920;416 Kathryn Pines\nWellsberg, HI 07239;Town;Port Lorichester
921;867 Joshua View\nSmithborough, MH 14792;View;New Annchester
922;5589 Obrien Track Suite 524\nEast Lauraport, SD 97756;Town;Heatherview
923;Unit 3486 Box 0818\nDPO AA 97849;Port;South Thomas
924;322 Jessica Hill\nNicoletown, LA 30960;Bury;East Joshua
925;62275 Travis Spurs\nMendezport, PR 75690;Bury;Gomezview
926;34985 Kelli Fall\nKennedyhaven, ID 64981;Shire;West Davidmouth
927;364 Flores View\nMatthewberg, VT 68628;Ton;Kennethhaven
928;57213 Jeremy Flat Apt. 836\nDavidhaven, VT 49112;Land;North Terri
929;USNS Silva\nFPO AA 36385;Mouth;Danielchester
930;16496 Lisa Road\nNorth Christopher, WV 93921;Land;Simmonsland
931;5616 Phillips Alley Apt. 552\nFisherberg, MH 31275;Ton;Humphreymouth
932;2143 Matthew Corner\nNew Matthewside, OH 91255;Ville;New James
933;61920 Floyd Rest Suite 264\nWest Caseybury, HI 90567;Chester;Tinachester
934;318 Walker Port\nEast Robert, PR 41508;Ton;East Richard
935;3416 Taylor Pine\nChristopherberg, VI 48871;Burgh;New Bryanville
936;22600 Jacob Trail Apt. 705\nWest Chadhaven, MO 28277;Stad;Kingchester
937;49058 Marcus Views Suite 069\nWest Eddie, PW 19532;Side;Ortizhaven
938;Unit 8505 Box 7983\nDPO AE 40530;Stad;Brianaview
939;USCGC Dennis\nFPO AA 33875;Ton;Amyfurt
940;9591 Christopher Street Suite 367\nSouth Jamesfort, MS 81465;Ville;New Curtis
941;80356 Stewart Run\nAngelaside, NH 81559;View;Davistown
942;790 Christina Creek Apt. 540\nEast Julia, RI 94026;Haven;West Sabrinaland
943;7266 Tyrone Cliff\nNorth Robert, MA 60695;Port;New Ebonyville
944;799 Silva Well\nSouth Tina, FM 48403;Shire;Port Jonathanhaven
945;8880 West Pass\nHarrisfort, MH 37078;Stad;North Johnny
946;296 Thomas Canyon Suite 138\nWest Wendyshire, NC 57928;Borough;Michaelmouth
947;07154 Bryce Road\nLake Sean, WV 20587;Fort;East Shawn
948;6276 Mckinney Crossing Apt. 690\nJohnsonmouth, ME 11148;Fort;Port Robert
949;4554 Melanie Skyway\nStevensonside, MT 16358;Town;Port Michael
950;PSC 4774, Box 3993\nAPO AA 85970;Side;Port Alexander
951;71782 Beltran Field\nShannonberg, TX 84637;Bury;Lake Kenneth
952;910 Sara Summit\nEast Kristenhaven, ND 70862;Mouth;Corychester
953;843 Scott Station Suite 083\nLake Rebekahmouth, PA 60705;Furt;Thompsonville
954;3628 Christopher Harbor Suite 078\nSouth Shawnmouth, CA 56139;Ton;Jonathanton
955;3710 Long Trace\nBakerland, NV 09156;Land;Carterberg
956;608 Tim Via\nRebeccaburgh, MN 85419;Chester;Webbshire
957;88334 Reid Springs Apt. 191\nWesleyhaven, ID 08701;Ton;Moranville
958;Unit 1001 Box 4897\nDPO AA 12063;Mouth;Blairshire
959;968 Forbes Park\nCoryfurt, SD 23802;Shire;Trujilloport
960;2012 Priscilla Gardens Apt. 298\nEast Morganmouth, MI 08911;Ton;Lake Yvettemouth
961;USCGC Marshall\nFPO AE 67267;Mouth;Antoniotown
962;17062 Carney Fields\nNorth Jacquelineport, KS 37255;Haven;Sarahland
963;18646 Michelle Mountain Suite 478\nBoydburgh, RI 02811;Port;Jamesshire
964;9819 Frank Hollow\nMeadowsmouth, DC 48150;Ton;New Steven
965;Unit 4683 Box 6041\nDPO AP 38451;Fort;Courtneyshire
966;9662 Kathleen Inlet Apt. 347\nSergioton, OH 93562;Bury;Garciaton
967;78237 Brenda Village\nEast Jose, VT 66824;Chester;Lake Troymouth
968;86314 Lloyd Islands Apt. 934\nSnyderside, MD 72120;Mouth;Ortegaport
969;Unit 4856 Box 0374\nDPO AA 60308;Shire;South Matthew
970;2518 Jennifer Crossing\nToddtown, NV 69579;Mouth;Port Crystal
971;0382 Benjamin Rapid\nLorifurt, KY 39079;Ton;West Alyssa
972;Unit 1646 Box 3431\nDPO AP 06690;Town;Ericside
973;612 Tony Corner\nLake Jessica, AR 59535;Ville;New Amanda
974;USS Rogers\nFPO AE 69530;Haven;West Tammy
975;Unit 4717 Box 7417\nDPO AE 84482;Town;Lake Douglas
976;97200 Miller Dam Suite 854\nNew Alexis, AL 93496;Ville;Myersstad
977;50488 Webb Junction\nDianaside, AK 08793;Haven;Russellhaven
978;106 Carrie Spring Apt. 773\nSandershaven, NV 36618;Bury;Port Amyville
979;19983 Wells Lights Suite 975\nLake Stephenmouth, AL 35535;Town;Port Tracy
980;47247 Black Heights\nAndersonchester, VI 31782;Fort;Royburgh
981;95751 Marvin Track\nMelissaberg, KS 33611;Land;North Samantha
982;984 Robinson Union\nDebbieside, TN 03817;Burgh;West Tyler
983;6682 Danielle Fork\nSouth Tyler, AL 65306;Ton;East Geraldfort
984;74510 Laura Mount Suite 201\nNew Laurenmouth, NC 47590;Ville;Elizabethburgh
985;PSC 0438, Box 9098\nAPO AA 20546;Land;Eileenshire
986;50691 Rhonda Road Apt. 459\nKimberlyview, LA 43446;Land;New Zachary
987;5088 Heather Dale Apt. 008\nPort Chad, CO 85412;Ton;Ryanhaven
988;161 Johnson Run\nWilliamston, CA 58903;Borough;Jamesfurt
989;340 Blair Motorway\nWest Jamesstad, NM 42474;Stad;South Michaelview
990;17371 Jonathan Lane Apt. 074\nPatriciatown, VA 76776;View;Matthewville
991;8340 Debra Lane Suite 450\nPort Sarahton, GU 51127;Mouth;Kellyville
992;637 Kelly Highway Apt. 773\nNew Rebeccamouth, ME 23108;Stad;Antonioton
