Ýletiþim ID;Telefon Numarasý;Email
1;2133733987;irichards@example.org
2;14615394964;daniel34@example.org
3;5075678503;bishopmichael@example.net
4;8115914673;valerie84@example.net
5;16175141984;qrodriguez@example.org
6;3155363603;abigailhowell@example.net
7;13753237397;peter17@example.net
8;14615394964;brandi51@example.com
9;4886017236;allison77@example.net
10;6817183682;julie10@example.com
11;6609437285;mclark@example.com
12;8104;reyeselizabeth@example.com
13;17875740273;mcarter@example.com
14;3907271618;xfarrell@example.org
15;19689668988;lawrence05@example.com
16;8094966057;daviserin@example.net
17;6612385166;vperez@example.org
18;15519069178;karen38@example.net
19;7165273400;oliviabecker@example.org
20;19224042582;melvindominguez@example.com
21;6036794092;jreed@example.net
22;6516175360;teresahall@example.com
23;9714169897;matthewmolina@example.net
24;8915145155;sarahgeorge@example.com
25;15684641909;sandra45@example.org
26;6348319357;hintonjames@example.com
27;9123746158;michael43@example.com
28;14445798855;racheljohnson@example.org
29;9122615083;edwardsdonna@example.com
30;3399314107;timothyswanson@example.net
31;9054138007;higginsjesse@example.com
32;6432213575;baileyjames@example.net
33;19562920807;howelldenise@example.com
34;15606104482;meghan30@example.net
35;2535084970;jacob28@example.com
36;19253756074;nathan32@example.net
37;10332;garciadaniel@example.org
38;18759382130;shernandez@example.com
39;6162950974;jmorrison@example.org
40;8272950898;xcastro@example.com
41;18524917657;christopher02@example.com
42;4174294210;klester@example.org
43;5493777750;averyrichard@example.org
44;9653233462;emilymccoy@example.net
45;17994782412;ysaunders@example.com
46;7695747433;david44@example.org
47;18516983782;bvazquez@example.net
48;6647;pnelson@example.net
49;13429234669;ronaldlewis@example.com
50;3436922006;christopherlamb@example.com
51;6387224651;kevinboyer@example.com
52;17354144832;amanda72@example.org
53;2848723561;andrew54@example.org
54;14379283189;kara18@example.com
55;4278040182;megan29@example.net
56;6427002442;marysantos@example.net
57;19785262003;adrianjackson@example.org
58;3084936051;smithwilliam@example.net
59;8367;orodriguez@example.net
60;3364644389;npeterson@example.org
61;13636060499;brendaking@example.com
62;5556424238;michelle02@example.net
63;12199419034;ifoster@example.org
64;4645898585;stacey26@example.net
65;7622073029;margaret13@example.net
66;3734878122;mgilbert@example.net
67;12747476509;thubbard@example.net
68;8688244303;scott61@example.net
69;12055227269;ahall@example.org
70;9447004474;astephenson@example.net
71;17078720823;bryan05@example.org
72;8314783200;jessica84@example.org
73;17952796613;alexhoward@example.com
74;17062350681;sandovaljeremy@example.net
75;9843450480;lsteele@example.com
76;6916061179;daniel74@example.org
77;5306230124;bateskristen@example.com
78;7716686076;griffinamy@example.net
79;5394648350;raymondkeller@example.net
80;9693634566;gbryant@example.net
81;5884397313;hartmanrebecca@example.net
82;4184505859;dana38@example.org
83;5388830850;apratt@example.net
84;19108940269;tmyers@example.com
85;3973330529;christine49@example.net
86;8359163529;rebeccasaunders@example.net
87;14199690215;dennis25@example.org
88;17596098903;timothywells@example.org
89;3157;foxtimothy@example.org
90;2534135954;limonica@example.com
91;3427149976;dorothy41@example.org
92;7732658586;zschmidt@example.org
93;8888754042;williamsvicki@example.net
94;19639955855;anita16@example.org
95;6898939885;eugenepeters@example.org
96;9232038647;michael17@example.org
97;13169332955;mcrane@example.org
98;8504107603;rharmon@example.org
99;3666720753;jessica97@example.net
100;3322354157;romerocraig@example.net
101;5292467857;nancymendez@example.com
102;7448335670;millerjanet@example.org
103;19806188899;crodriguez@example.org
104;15435108627;sjohnson@example.org
105;6684200563;kellycollier@example.com
106;19793266659;dannydickson@example.net
107;18928703461;darryl19@example.org
108;5153059468;elizabethrush@example.net
109;7888257683;amy45@example.net
110;3657043314;samuelhughes@example.com
111;18297344975;sheilamcclure@example.net
112;8219311165;finleycheryl@example.net
113;19078984179;waltersamanda@example.com
114;8917494689;richardwells@example.net
115;6376337684;kelsey47@example.com
116;3668588913;mark61@example.net
117;9764557723;holmestyrone@example.net
118;13413084350;brandi48@example.net
119;19605495931;kurtmatthews@example.net
120;18387238268;rhonda39@example.com
121;2742851621;albert58@example.net
122;6862945003;cartermichael@example.org
123;14913763595;cunninghamlori@example.com
124;4114969618;taylorjustin@example.org
125;9814872125;campbellbrandy@example.org
126;6456997405;jmorrow@example.com
127;4693735923;michaelhawkins@example.com
128;8868631251;mariaholder@example.net
129;5162499964;pmorris@example.org
130;16986863123;taylorwilliam@example.net
131;15912649522;kmorales@example.org
132;14545151734;schneiderjennifer@example.org
133;4703900100;lynchbrent@example.com
134;3447898900;iclark@example.com
135;4697961583;willie31@example.com
136;8317275304;andrew28@example.com
137;5984664887;annahenderson@example.com
138;4226785629;kenneth46@example.com
139;18117515020;danielle84@example.com
140;6996784276;lopezanthony@example.net
141;9467949430;tarahouston@example.org
142;8479193733;sarah70@example.net
143;2846702217;kennethmartinez@example.net
144;9667590335;meghanjackson@example.net
145;8233249406;ibarraveronica@example.org
146;4136922030;martinezcody@example.org
147;13149439233;christine47@example.org
148;3533412566;lutzjeremiah@example.com
149;2093715417;jacksonkristin@example.net
150;8645842352;lpeterson@example.net
151;6959990913;hmckee@example.net
152;9192872741;melissa52@example.org
153;16033663042;annachandler@example.com
154;8003;elizabethknapp@example.org
155;2193766727;holmesjeffrey@example.com
156;13005975331;cherylwalker@example.com
157;7687875626;caseymccoy@example.net
158;3464785310;onorris@example.com
159;12894142048;julie09@example.com
160;4819551545;greentoni@example.com
161;8432513434;olivergregory@example.com
162;6264673626;margaretroth@example.net
163;15966893920;pgarcia@example.com
164;8825722161;jacksonshannon@example.net
165;13699166476;thomas82@example.net
166;8182885077;pheath@example.net
167;6383346606;umanning@example.com
168;9283435477;carlos16@example.org
169;5083781428;georgebaxter@example.com
170;4742542567;smithjesse@example.net
171;4493890162;debra43@example.com
172;4752611645;muellerdouglas@example.net
173;19536584529;alejandrareynolds@example.org
174;9008550913;courtney81@example.net
175;6328701605;morganjessica@example.org
176;19527469818;hallmichael@example.net
177;13866415051;jenniferhogan@example.net
178;2843069458;emily74@example.com
179;16616587372;heather36@example.com
180;9267585919;nshaw@example.org
181;4423921996;angelafernandez@example.net
182;3884334823;jamesharris@example.org
183;16787913603;mark32@example.net
184;13852392762;ehayes@example.net
185;3349445987;nathancarter@example.org
186;6766762895;smithashley@example.com
187;16889191187;wmartin@example.com
188;8237209835;smiththomas@example.org
189;5773109577;nathaniel18@example.com
190;9294532214;ortizjoseph@example.com
191;8773998584;egibson@example.com
192;2505174816;laurachavez@example.org
193;9978254594;eduardo59@example.com
194;9859882358;eacosta@example.net
195;2236570243;amandacarter@example.com
196;12113047477;andrecampbell@example.org
197;2818212156;jennifer59@example.org
198;5329101619;pamela69@example.com
199;19024555170;johnrodgers@example.com
200;3282217046;samanthajones@example.com
201;5425061366;leahbrown@example.net
202;13076242333;hmorgan@example.com
203;12093473374;tinamolina@example.net
204;3885540264;calvin46@example.com
205;7255889455;michelle99@example.org
206;13053727312;hcolon@example.org
207;8462219257;vickibaker@example.net
208;19613970206;ypage@example.net
209;9757105046;grahamjason@example.net
210;8249389531;glawrence@example.net
211;8518204640;kendraduncan@example.net
212;7542207646;nicole28@example.org
213;5719;fcalderon@example.com
214;5568214113;rhondacruz@example.com
215;14257899605;glennhughes@example.com
216;17844289814;crawfordashley@example.net
217;9742;vincentfleming@example.net
218;4417984444;carlsonmark@example.net
219;13912637979;mhurley@example.net
220;3238524765;robyn22@example.com
221;9897237759;ushaw@example.net
222;8007918544;vdennis@example.org
223;15203319767;joanne92@example.com
224;6995765356;hmcmillan@example.org
225;6807225575;ybrown@example.org
226;6517010632;zwilliams@example.org
227;2206970646;stephaniejohnson@example.org
228;9978463879;christie16@example.com
229;9358;rbell@example.org
230;16694264673;garrettdamon@example.com
231;14469749425;quinnstephen@example.net
232;6216829468;fordalison@example.com
233;9974568554;elizabethbeasley@example.com
234;17834836306;edwardcastaneda@example.com
235;3665352503;christopher32@example.org
236;6798328353;riceemily@example.com
237;10715;blakegordon@example.com
238;9405036268;kennethfleming@example.net
239;5257915940;morenomichael@example.com
240;3727101259;laurie97@example.net
241;4992567144;adixon@example.com
242;9476994351;bryangray@example.org
243;5917411250;rachelhood@example.com
244;18794124268;fjohnson@example.net
245;18826439348;linda90@example.net
246;9079519872;jennifer15@example.org
247;8358885933;wholland@example.org
248;18514333423;christopher68@example.org
249;4537291495;yateshenry@example.net
250;7515499887;michelle56@example.org
251;2103917234;tscott@example.org
252;16144835381;annawong@example.net
253;4322266576;coreysmith@example.com
254;19425668979;myersangela@example.org
255;7856971212;natashadouglas@example.com
256;14329168274;alvarezsamuel@example.org
257;3937435093;riveragene@example.net
258;2365291517;brooke31@example.com
259;8766188854;vthomas@example.net
260;9027301209;rebecca99@example.net
261;6626469484;ejones@example.com
262;5762240003;cynthiacain@example.net
263;3226955559;nicole31@example.net
264;4239862924;martin09@example.com
265;18413596089;taylorjames@example.org
266;19993069207;guerrerobianca@example.net
267;6504493142;stephencastillo@example.net
268;5433165632;josephcontreras@example.org
269;17507899067;williamvincent@example.com
270;6154357895;salazaremily@example.com
271;16704706030;kristi73@example.com
272;7345750429;awright@example.net
273;2023764536;smithmichael@example.org
274;18596040964;rmelendez@example.net
275;9914405620;ptaylor@example.org
276;7772263881;nking@example.org
277;3883350807;briansantana@example.net
278;4396035184;rogersbradley@example.com
279;14192926221;wturner@example.net
280;5427;loribrown@example.org
281;5095816796;ricardo67@example.com
282;9232726028;audreyfrank@example.net
283;15384687630;pdavis@example.org
284;2443851746;gbullock@example.com
285;4289947218;frances43@example.net
286;5757001396;belladam@example.com
287;4747052999;owenstimothy@example.net
288;6169206887;williamharmon@example.com
289;15325902180;kristopher26@example.net
290;5276302923;huntercourtney@example.com
291;7939834330;millerrobert@example.com
292;5289036370;benjamin15@example.org
293;6703767950;jensenjohn@example.org
294;17342941841;ellen58@example.org
295;9383207938;flee@example.net
296;7198410478;richardclark@example.com
297;4268773672;rodrigueztiffany@example.com
298;4993136026;rebeccaalvarado@example.org
299;3542131166;josephjohnson@example.org
300;5447096806;gregory81@example.com
301;6673664684;ytucker@example.com
302;13174529997;aprilnicholson@example.org
303;13102368006;alexmorgan@example.org
304;15143095794;wrightnicholas@example.com
305;17035853802;moorewayne@example.net
306;17268372478;tlarson@example.org
307;8226716764;gpearson@example.org
308;9488912124;fstanley@example.com
309;4902632962;hansengregory@example.net
310;4837597293;fitzgeraldvictoria@example.com
311;6142031812;thomaskathryn@example.net
312;6347380351;lindaharrison@example.net
313;5106308616;maureen43@example.org
314;5743941281;vaughnjulie@example.org
315;12597056816;juliechavez@example.com
316;15442675883;barreracynthia@example.net
317;17373491304;rhonda52@example.net
318;9972705517;kreese@example.org
319;13123095216;robert49@example.net
320;4099337094;carterryan@example.net
321;3788097493;feliciagonzalez@example.com
322;18566013629;michaelcurtis@example.org
323;2327155218;sherrihall@example.net
324;3009928889;brandon17@example.net
325;8727185049;danielhernandez@example.net
326;5706049291;keith82@example.net
327;13655272756;steven25@example.net
328;3549468599;pamela16@example.net
329;8166433191;benjaminbrennan@example.com
330;8417058998;curtistorres@example.net
331;3576247168;nreyes@example.com
332;5918851178;ktrujillo@example.net
333;9356008894;robrien@example.net
334;2127335421;stoneeric@example.com
335;2535076490;josemurphy@example.net
336;2819373790;brandonrivera@example.org
337;4787469642;ejefferson@example.com
338;4038427411;petersoncody@example.net
339;3613;logan30@example.org
340;9502866261;phillipsbrittany@example.org
341;7533950439;ferrellchristian@example.org
342;4549790948;john41@example.com
343;4117580691;kristenwalters@example.com
344;1337;megan08@example.net
345;3103366076;maria85@example.org
346;2714453500;vangrobert@example.com
347;8088959548;charlesdeleon@example.com
348;6148246740;ldoyle@example.com
349;6292722462;robertthompson@example.net
350;5662204885;hallsharon@example.net
351;9616686067;jasonmcconnell@example.org
352;5721;andrewthompson@example.com
353;5904972160;mthomas@example.net
354;8614302918;ycook@example.net
355;16032310408;williamsanford@example.net
356;9415130046;stephen45@example.org
357;9392;derek52@example.com
358;7694769688;oparker@example.org
359;4753619015;rhonda13@example.org
360;4348227109;teresarussell@example.com
361;2839336895;fsmith@example.com
362;6587755869;villarrealshane@example.org
363;2715907206;allenreed@example.org
364;5989398646;vclark@example.com
365;5224398783;smithkathy@example.net
366;8748633486;susan28@example.com
367;3055015908;arichardson@example.org
368;19309048523;marvinsalazar@example.com
369;9408531517;pking@example.org
370;5076359855;vclark@example.com
371;14153264439;tamara83@example.com
372;2504740333;kristin33@example.com
373;8425795890;morriserika@example.org
374;7706;andrewswilliam@example.com
375;5538936372;gutierrezdustin@example.com
376;7443764302;patrick19@example.com
377;17005332503;fwalker@example.net
378;4509150179;ythornton@example.org
379;7148558480;lauraruiz@example.com
380;16587379505;dawn15@example.com
381;7148076520;schultzmichelle@example.com
382;6794159066;corey00@example.com
383;9293834259;mdaniels@example.net
384;7019527049;pdelgado@example.net
385;7439712683;xparker@example.com
386;4234597894;knightbecky@example.org
387;6918109134;vgordon@example.com
388;7994133163;danielboyd@example.org
389;4149902973;iwatson@example.org
390;5126552261;cooperamy@example.org
391;5126054406;oatkins@example.net
392;17019604842;stacypham@example.org
393;17834073629;teresabarrera@example.net
394;4477408281;toddstanley@example.org
395;6408952524;acruz@example.com
396;2173431283;geraldbennett@example.com
397;5804732431;thomas58@example.org
398;17038274883;timothy26@example.com
399;5027131977;bonnie23@example.net
400;9036807722;glynch@example.org
401;14388304053;erindavid@example.net
402;16524153156;ihamilton@example.com
403;9577564509;udavis@example.org
404;18979755526;tiffanywatson@example.org
405;5112836265;frandall@example.com
406;6755321884;natalie06@example.com
407;3408551015;stephanie63@example.com
408;14128569397;noblemaria@example.com
409;12885258493;hmccall@example.com
410;17007490003;edward57@example.com
411;4469488749;ashley31@example.net
412;3553236925;hcole@example.com
413;9822690540;hessdavid@example.org
414;19927504142;joseph84@example.org
415;7916093041;tammypearson@example.com
416;8117419985;fergusonashley@example.com
417;5616762828;monique28@example.org
418;3027584791;ariasdorothy@example.org
419;17095099237;tchen@example.org
420;8589624355;ycook@example.com
421;3306511715;ydyer@example.com
422;6869368573;jesseshaw@example.org
423;4528828313;latoya56@example.org
424;4822658135;tiffany98@example.com
425;16539820625;davidmueller@example.net
426;4779;rebecca84@example.net
427;12074990733;ashleymccoy@example.com
428;8899486999;eshelton@example.net
429;13694748941;jeffreylutz@example.com
430;18219887960;johnsonjake@example.net
431;17704911572;robinblack@example.net
432;2173778086;adamsjames@example.com
433;8098605954;frichards@example.net
434;7058360674;hickskevin@example.net
435;16739769937;stevenchen@example.com
436;7568906559;mitchelljavier@example.net
437;8169251094;graywilliam@example.org
438;6519423055;turnerlisa@example.org
439;7758715087;mterrell@example.net
440;3656490667;jordancynthia@example.com
441;4884403485;scott93@example.net
442;5899044405;qwatts@example.org
443;9064903717;stevengrant@example.com
444;4063868789;emilygray@example.com
445;19284372565;wolfeian@example.com
446;6798502133;jcuevas@example.net
447;8482926176;dawnbush@example.com
448;3254482329;mlove@example.org
449;7823277738;elizabeth36@example.net
450;5562;gabrielgregory@example.net
451;4183846226;alexander12@example.net
452;5939028310;lporter@example.net
453;2756414661;twhite@example.com
454;9355999210;jeremy21@example.com
455;6927566605;davidbrown@example.org
456;7106796845;roykeith@example.org
457;3207375584;yperez@example.org
458;17126894747;lisaclark@example.org
459;13106330818;mholland@example.org
460;7194402029;ryanbeasley@example.com
461;14718079488;paulortiz@example.com
462;4283244686;simmonskatelyn@example.com
463;13848915645;carlos47@example.net
464;4798205733;maria28@example.com
465;17837056379;anash@example.net
466;2667675192;staceyparker@example.com
467;18129841725;melissagreen@example.com
468;4303558120;brooksmary@example.com
469;15244776495;hpierce@example.org
470;17659322511;xstone@example.org
471;2937559484;masonmark@example.org
472;4215323385;jorge22@example.org
473;19707059473;masonbecky@example.org
474;14396855549;robertsongregory@example.org
475;14439776169;jacksmith@example.org
476;13789953001;christyhood@example.com
477;5747875869;virginia86@example.com
478;16649007359;michael49@example.net
479;9743506896;espencer@example.com
480;13943137866;ujacobs@example.com
481;2356397733;petersemily@example.net
482;14655697918;yvetteblair@example.com
483;18219827750;steven85@example.net
484;12092660383;tina29@example.org
485;9428998999;johnsondaniel@example.com
486;3093310380;xali@example.com
487;8903939163;stephanie41@example.com
488;16793715817;kevin59@example.com
489;7522250684;jeffrey51@example.org
490;9942004993;thall@example.com
491;7492970833;johnsonrachel@example.org
492;19927147769;bill40@example.org
493;9656836064;dennis03@example.com
494;12329383083;kristi44@example.org
495;5282307662;hornelisa@example.com
496;6485659969;hollanddawn@example.com
497;8345899306;pjohnson@example.org
498;17914085908;zachary62@example.net
499;7177143691;veronica77@example.org
500;2923124068;cynthia55@example.net
501;9018729476;dsmith@example.org
502;3755135812;bethwashington@example.com
503;16883329263;lisapeck@example.com
504;3415534703;snyderamber@example.net
505;3558777259;harrisonjasmine@example.com
506;12887721705;johnathan87@example.net
507;17068878691;ljones@example.net
508;15279726006;mariacline@example.org
509;6807886759;lnorman@example.com
510;8378647488;shawn32@example.com
511;6326;lynntodd@example.org
512;3064893556;mhorn@example.com
513;18586894424;jacqueline55@example.com
514;8979120660;joan21@example.com
515;5184123983;davidgomez@example.org
516;9234415596;epeters@example.org
517;2479712296;qmercer@example.org
518;7173142057;matthewbennett@example.org
519;6292423334;wgibson@example.net
520;9307850106;andrewwoods@example.org
521;15948100464;molinapaul@example.com
522;7786678824;michaelmoore@example.org
523;8611;xphillips@example.org
524;13292944082;boydlaura@example.com
525;2157802767;brownamber@example.org
526;6129645512;tleonard@example.com
527;5627426582;edwintate@example.org
528;6127289519;kristinpadilla@example.net
529;13124329596;masontiffany@example.net
530;6032;yharris@example.org
531;6459893187;ohill@example.com
532;6468;xdiaz@example.net
533;5389937047;uholmes@example.org
534;2013160136;flandry@example.net
535;9087380757;marcusbyrd@example.com
536;12763518332;dgillespie@example.org
537;2425095445;monicajackson@example.org
538;2055;jpowell@example.com
539;9996606074;oallen@example.org
540;4998427177;jason15@example.net
541;5768995085;angelasmith@example.org
542;13696780817;lorrainefrye@example.com
543;4959423904;zacharyboyer@example.com
544;7905639422;ereyes@example.com
545;4558212024;campbelljane@example.net
546;16247100432;jonessamantha@example.net
547;12217253787;joseph90@example.org
548;8969332868;hillkayla@example.net
549;1812;angelchang@example.com
550;2763189076;uhubbard@example.org
551;15559141873;cunninghamsusan@example.org
552;5077682886;oboyer@example.com
553;3633489060;barbaracampbell@example.org
554;3762806598;jenniferduncan@example.net
555;15187319599;tammy83@example.org
556;19013786403;robertbrown@example.net
557;7064743641;mcdanieljoshua@example.net
558;13452352427;ksanchez@example.net
559;8195597300;terriross@example.org
560;3455947085;shanevalenzuela@example.com
561;8442675779;katherineedwards@example.org
562;7122361758;deborah55@example.com
563;14909595892;richardsonanthony@example.com
564;5162991231;ryan79@example.org
565;6603377172;juan00@example.org
566;3093454494;wsilva@example.net
567;7229892215;qrichard@example.org
568;8978755455;odeleon@example.com
569;8329043946;wrighttimothy@example.net
570;6728;bobchurch@example.org
571;2635471652;douglasjordan@example.net
572;2116672582;stevenmcclain@example.net
573;4862548596;croberts@example.net
574;7557250915;kevinmartin@example.org
575;9224338379;marshmarc@example.com
576;6037643260;thompsonbrandon@example.com
577;5538527027;bobby44@example.com
578;16462846305;cgibson@example.org
579;8665073824;wyatt13@example.com
580;2705775269;zimmermankaren@example.org
581;4292;gloria71@example.net
582;13064004721;hjames@example.com
583;8857431342;nicholas18@example.org
584;17169832919;jjohnson@example.org
585;3398;josephjerry@example.org
586;4976362382;anthonygibbs@example.net
587;9017421815;andrea04@example.org
588;16215294295;yprice@example.org
589;12917133938;moorejason@example.org
590;3085318898;wongamanda@example.net
591;4859680634;kristen39@example.com
592;2205370078;vbradford@example.net
593;2578331429;cathymorris@example.net
594;2769052144;richardperry@example.org
595;13057367433;michael32@example.com
596;12415558770;carrollamy@example.net
597;2139673163;wblack@example.net
598;7767522474;cobbtodd@example.org
599;7067235039;taylorsarah@example.com
600;6762627245;david48@example.org
601;16216806516;cindy29@example.com
602;17946798232;zjohnson@example.org
603;19939154492;powellseth@example.org
604;4029959515;gwerner@example.com
605;7377931144;itorres@example.org
606;15503180731;kingbrian@example.net
607;3837537878;acostakristina@example.net
608;19549772657;cainwayne@example.org
609;8015471604;lyoung@example.com
610;19536449273;matthew50@example.net
611;8766564051;hmeza@example.org
612;15425124470;lauren46@example.org
613;6919220341;cassandra41@example.net
614;19212294221;alexandriawells@example.com
615;8072091577;elizabethdean@example.net
616;12672936012;hardyjoanna@example.org
617;5462882421;ngarcia@example.org
618;6857056250;crystal99@example.net
619;2672302786;pallen@example.net
620;13404742780;twilson@example.net
621;6207099663;jacksoncody@example.net
622;5184829855;smccoy@example.org
623;13006122581;andre62@example.org
624;13836443528;ureeves@example.org
625;4776045566;llewis@example.org
626;9019971259;rjohnson@example.net
627;7982419512;jamie81@example.org
628;9415700267;westmarissa@example.org
629;6552924836;michaelwilliams@example.com
630;9885032607;taylorshelley@example.com
631;8579249820;adawson@example.org
632;5582034297;trevor66@example.org
633;10301;jason99@example.com
634;6588972681;chandlerchelsea@example.com
635;19592299930;joseph34@example.net
636;2019596606;cannontaylor@example.net
637;6188;marshallamanda@example.com
638;4602195875;traci82@example.com
639;1990;charlottehines@example.org
640;15715536451;angelabaker@example.com
641;16288846005;gwilliams@example.org
642;3734586703;toni10@example.net
643;4775495833;laurarodriguez@example.com
644;17918945865;gonzalezalexander@example.com
645;8688096815;ambervelez@example.org
646;2979632932;harriskeith@example.org
647;7808519765;hollymoore@example.org
648;6765042990;phyllis85@example.org
649;13189640522;williamlarsen@example.net
650;15147853409;oenglish@example.org
651;2417893653;jonathanharrington@example.net
652;14032164679;pbell@example.org
653;5882693154;melanie36@example.net
654;13446373629;proctordanielle@example.net
655;2652007030;kimberly42@example.org
656;8003000350;sarah31@example.org
657;19537304704;fernandolopez@example.net
658;2193894520;luis20@example.net
659;15409705975;goodmanbrandon@example.org
660;18869729416;hoganjames@example.org
661;16043523310;richardwhite@example.org
662;3812495088;valenzuelashawn@example.net
663;15387559686;yolandaedwards@example.com
664;8928545937;glennharris@example.org
665;4105068684;jeffhorn@example.net
666;16676379878;alvarezamanda@example.net
667;16459123608;weissaustin@example.org
668;9019809716;vanessa28@example.com
669;9684751203;mollyfranklin@example.org
670;15354713175;miguelsmith@example.com
671;6137224861;awiggins@example.com
672;9142962932;larsonlogan@example.net
673;18474924416;juliawilliams@example.org
674;3317526279;nsmith@example.net
675;2009301315;lisa32@example.com
676;8169619025;vmaxwell@example.org
677;2026460489;stephen38@example.com
678;5299;feliciawaters@example.net
679;9435567037;elynch@example.net
680;14556913950;richard63@example.org
681;2337223707;moorejeremy@example.net
682;19372151070;cruzbarbara@example.com
683;2179840921;steincody@example.com
684;4673190131;brendastein@example.net
685;7619501754;dawn12@example.org
686;6698703091;richard68@example.org
687;9183739923;lstewart@example.net
688;14767861554;lindamoreno@example.net
689;14419562703;solisanita@example.org
690;3095841929;stevensmith@example.org
691;9824566025;bob20@example.org
692;6966241022;tcochran@example.net
693;8603360618;sbarnes@example.net
694;17577260115;martinmichael@example.com
695;3357122084;robertwashington@example.com
696;7076761912;jameshernandez@example.com
697;15739179475;sschmidt@example.com
698;7229194217;suzanne25@example.net
699;18287132051;donovanrebecca@example.net
700;18895169821;robert06@example.org
701;19564894379;williamsjacob@example.net
702;9274158521;ashleyhayes@example.com
703;15928987317;deborahmendoza@example.net
704;3654555154;samantha37@example.com
705;9855234165;gsaunders@example.org
706;4219730922;caroladams@example.org
707;16807393018;wjames@example.com
708;9129014963;davidpearson@example.org
709;5337795532;ggutierrez@example.org
710;17764954229;frank91@example.org
711;7727424572;raysharon@example.com
712;6134674998;clarkphillip@example.net
713;4596655935;millerronald@example.org
714;8433121513;danielhayes@example.org
715;7365042256;gordonwilliam@example.com
716;2705530145;sanchezmiguel@example.org
717;6632818318;cristiancarter@example.com
718;5318769791;luke76@example.net
719;19685381810;ywhitehead@example.org
720;5918717814;hyoung@example.net
721;8024659414;michael69@example.org
722;7344429861;smithjohn@example.com
723;3348515274;dawn74@example.org
724;8236608373;ashley11@example.org
725;15605058849;paulflores@example.org
726;2069247533;robinsonalyssa@example.org
727;18075986265;ramirezcraig@example.net
728;9028390637;millsalexis@example.net
729;2422377403;micheletravis@example.com
730;8153408705;patrickreyes@example.org
731;4377229458;stewartdebra@example.org
732;15816728242;victoria25@example.com
733;2779069188;michael89@example.org
734;7806259759;garyjohnson@example.com
735;7595386520;gabriellestone@example.org
736;5554179577;rogersmelissa@example.com
737;19703537225;harmontom@example.net
738;8768958131;victoria15@example.org
739;5962130540;kevin88@example.net
740;17946511094;vnichols@example.net
741;9457673313;candicerivera@example.net
742;4786073269;acarpenter@example.org
743;14237591402;zgallagher@example.com
744;8634571899;joneskatherine@example.net
745;9687626156;saramullins@example.com
746;6294858652;perezeric@example.net
747;2345114135;john48@example.net
748;3599537117;bushkathy@example.org
749;8552167324;meganwillis@example.org
750;18915010012;whitneyarnold@example.com
751;14847934829;bryantdawn@example.net
752;8225553304;ramosshane@example.org
753;9575957910;lisa35@example.org
754;14465803923;bsmith@example.org
755;8178746577;myersfrank@example.org
756;7764515976;patrickfritz@example.org
757;15587827505;hromero@example.net
758;9744663506;kaitlyn25@example.com
759;9245843737;lisa83@example.com
760;8069091194;candrews@example.org
761;8132164529;webbcindy@example.org
762;3834468284;daltonjohnson@example.org
763;7606262689;rebeccahoffman@example.net
764;14017624024;lopezsean@example.com
765;5554074426;choffman@example.com
766;3626176585;torresjose@example.com
767;13318339184;lmyers@example.com
768;14709407931;patriciamorris@example.org
769;13203962829;edwardsjeffrey@example.org
770;3454922893;dillonjason@example.com
771;3818674590;sgreen@example.com
772;5435667848;wanderson@example.org
773;13939699932;christianmorton@example.net
774;15206563908;tiffany88@example.org
775;5743491219;shawnking@example.net
776;5803423105;travis00@example.com
777;19487097348;zdudley@example.org
778;8267712024;johnsonlarry@example.org
779;12595479234;austinmartinez@example.net
780;5239672419;ashley87@example.com
781;19347150220;bmartin@example.net
782;3086770454;julia85@example.net
783;8696719971;lsmith@example.org
784;16815073958;arthurjohnson@example.net
785;3628293011;nmartinez@example.org
786;5925054314;robert67@example.net
787;12737118057;uvalencia@example.net
788;3784316417;dstephenson@example.net
789;14084583017;daniel30@example.net
790;4299838175;jamesjones@example.com
791;13097536089;brownlori@example.net
792;2137032255;melissa25@example.com
793;9416376797;blewis@example.com
794;9604256767;nicholasboyle@example.net
795;19687586370;anthonymoore@example.com
796;5662138464;amyfrancis@example.net
797;14162408274;thomaswilliams@example.com
798;3589779493;amanda32@example.org
799;15565222682;jasonmoore@example.com
800;2034451149;shelbytorres@example.com
801;1014;pmacias@example.org
802;2156953295;kconley@example.com
803;5868628215;adam27@example.net
804;5375839697;dmorgan@example.net
805;12769447614;ericscott@example.org
806;16308658570;srodgers@example.com
807;3817555411;rdavis@example.org
808;9976675765;cross@example.net
809;12303601297;dwright@example.org
810;16856462981;julie48@example.org
811;13559701575;paul66@example.net
812;13238140857;wandrews@example.org
813;15175904968;morserobert@example.net
814;14552618023;sandra87@example.net
815;6964864687;johnsoncollin@example.org
816;6146667159;hmorrison@example.net
817;2464016394;hollandfelicia@example.org
818;4446433907;jessicacook@example.net
819;19928622941;catherinegross@example.com
820;9097;annacontreras@example.org
821;3176493664;michaelmiddleton@example.com
822;5232953688;brianjohns@example.com
823;5496348982;hector82@example.org
824;5138075376;julie69@example.com
825;7562979941;cooleyerin@example.com
826;4382531188;mjones@example.org
827;17795674223;qwhite@example.net
828;2402948931;carlsoncorey@example.net
829;3358837060;lorrainemartinez@example.org
830;3833118789;xkelly@example.net
831;4743172778;pagesusan@example.com
832;8109152551;vhughes@example.org
833;17649814452;ncrosby@example.org
834;19516945365;hancockanthony@example.net
835;19805519796;steven01@example.org
836;6163618562;jimmy28@example.org
837;4122694896;barbara31@example.com
838;15264530729;mitchell58@example.com
839;3159752145;jefferygilmore@example.com
840;12405215781;pgregory@example.net
841;8405528724;michaelwebster@example.net
842;6298039133;allison89@example.com
843;6688122529;robert05@example.org
844;19524306373;brandon59@example.org
845;8700;ubentley@example.com
846;16883633648;colemanlynn@example.org
847;2802793381;lisareyes@example.com
848;6404942354;elizabeth67@example.com
849;3338317893;ysanchez@example.org
850;6219628841;taylor47@example.net
851;9207444509;oedwards@example.org
852;15036193567;pbray@example.org
853;9436077482;rburgess@example.org
854;2242398359;scottmichael@example.com
855;19542962839;mitchell42@example.net
856;13192927468;hardingmonique@example.org
857;4045829429;owenbradley@example.com
858;16912612571;roachdaniel@example.com
859;7684157481;shannon06@example.org
860;19368727908;zgriffin@example.net
861;16617839044;nwells@example.net
862;7099470731;espinozastephen@example.net
863;14182052463;ocollins@example.org
864;3515482431;robertwood@example.org
865;13214129832;cheyenne63@example.net
866;3912012686;qwheeler@example.net
867;5355329547;lwalker@example.com
868;8164119175;danielcamacho@example.com
869;7984657209;crystal28@example.net
870;8508039648;nbradley@example.com
871;8104651598;samuelpadilla@example.org
872;4616737028;xhubbard@example.net
873;17765223244;hollowaydana@example.net
874;4545910977;sjohnson@example.com
875;4958360832;karenhall@example.org
876;7822471843;dchoi@example.org
877;19109370211;kerryzuniga@example.net
878;2634322099;lhunt@example.org
879;19217515471;erica16@example.com
880;8604103752;audreytownsend@example.com
881;3302485094;kallison@example.com
882;7672434442;linda73@example.org
883;3152955315;eholt@example.com
884;4189781230;petersbenjamin@example.net
885;9996354740;berrytiffany@example.com
886;19535887873;swilliams@example.org
887;3673631226;jonhopkins@example.com
888;7529887972;stephanie11@example.com
889;17457444639;boylesteven@example.com
890;9442012678;melissathomas@example.net
891;2053455890;barkergabriella@example.org
892;9833946016;banksrichard@example.org
893;4102355856;kimberly97@example.org
894;9954697167;lindathompson@example.com
895;3485107008;campbelljessica@example.org
896;7154682287;hlopez@example.com
897;5965314557;kennedydennis@example.net
898;6584524864;scotterik@example.org
899;8589592307;portega@example.com
900;7695181331;gtran@example.net
901;8684187396;greed@example.com
902;6834965948;ethanvaughan@example.net
903;6669142860;john88@example.org
904;7817875190;andrewmoore@example.org
905;7704182510;wbrown@example.net
906;18612699391;claire76@example.org
907;3376730649;barbara83@example.net
908;2055380665;jacquelinewilliams@example.com
909;16415037152;zmurphy@example.com
910;9455598468;manningerica@example.com
911;2227771187;erin26@example.net
912;2967967325;kent57@example.com
913;6477638602;diane71@example.com
914;8183675266;owenscameron@example.com
915;7009337862;juan52@example.org
916;2832913696;fowlerrebecca@example.org
917;2717599038;wilsonmichael@example.org
918;16348202742;ortizbrandon@example.org
919;7364228872;darren61@example.org
920;9179670135;tholder@example.com
921;17779083312;deboraherickson@example.org
922;14826619788;ncarter@example.com
923;9962469127;edwardmatthews@example.org
924;3009752015;ycain@example.org
925;5643186484;angela34@example.org
926;2562979716;wperez@example.com
927;13413211060;fdavis@example.net
928;5228541834;nwood@example.com
929;14438978103;chancarla@example.com
930;3177639144;choicaleb@example.org
931;3333261992;xhudson@example.com
932;7950;melissa52@example.net
933;19789126975;melissahughes@example.com
934;8964019111;vwebb@example.net
935;7076723409;douglashernandez@example.net
936;7855;cynthiagrant@example.com
937;17343048969;lorimartinez@example.net
938;10768;william14@example.com
939;2176875038;tross@example.org
940;4184839261;stephen51@example.org
941;9538268787;ugarrison@example.org
942;8512288986;aaronthornton@example.org
943;5179080951;tgriffin@example.org
944;17235699604;gclark@example.org
945;13799518247;bjordan@example.net
946;4845586142;daniel02@example.com
947;16495519640;cnichols@example.org
948;16503684856;robinsonaustin@example.org
949;17973995985;nmitchell@example.com
950;3974620811;ycoffey@example.com
951;4537111164;myersbrian@example.com
952;6905310993;chris94@example.net
953;4107134642;brandonholt@example.net
954;14493564765;vancebrittany@example.net
955;6303776617;jonathancombs@example.org
956;18255859614;bowenjason@example.org
957;5042916009;sheilaaustin@example.com
958;16876964621;rogerolson@example.org
959;9865165156;mgibbs@example.org
960;9959443134;spearsdenise@example.org
961;4525;vhardy@example.org
962;3208268630;harrisonamanda@example.org
963;12398199000;pwright@example.net
964;8427769629;lgregory@example.org
965;15375587157;kyleoconnor@example.net
966;6616148880;phillipsedward@example.com
967;2296884979;anthonywilliams@example.org
968;3604;melissa50@example.com
969;3597080589;christopher68@example.org
970;1573;eramirez@example.org
971;13806030121;alexander02@example.net
972;19912233976;jason17@example.com
973;9809610197;christopher52@example.org
974;4103376775;garrettmichael@example.com
975;5636602773;millerrichard@example.org
976;8085105868;brittney88@example.org
977;8195463453;gouldnicholas@example.com
978;16676313653;garrett68@example.com
979;14946616078;derrickhunter@example.com
980;4992538237;katiebarr@example.net
981;4003105387;ajacobson@example.org
982;9339580931;vazquezdenise@example.net
983;4233682558;hannahgonzalez@example.net
984;8399324962;travistyler@example.com
985;8529044554;amanda16@example.net
986;5686383235;christineyoung@example.com
987;9689010705;yvelasquez@example.net
988;2017072469;bmiller@example.com
989;9124858610;mcconnelljessica@example.net
990;6925046391;adrianperry@example.com
991;3605629811;tracymorris@example.org
992;10216;fryejonathan@example.net
